community,year,month,total_sales,total_revenue,total_sqft,spec_sales,build_sales,model_sales,sales_target,variance,builder,crm_lead_count,source_AGENT_REFERRAL,source_AI_REFERRALS,source_BUILDER_REFERRAL,source_DIRECT_TRAFFIC,source_EMAIL_MARKETING,source_EMPLOYEE_REFERRAL,source_FRIEND_REFERRAL,source_OFFLINE,source_ORGANIC_SEARCH,source_OTHER_CAMPAIGNS,source_PAID_SEARCH,source_PAID_SOCIAL,source_PAST_BUYER_REFERRAL,source_REFERRALS,source_SOCIAL_MEDIA,status_ATTEMPTED,status_CONNECTED,status_CUSTOMER,status_DEAD_DEAL,status_DEAD_PURCHASE,status_IN_PROGRESS,status_NEW_LEAD,status_OPEN,status_OPEN_DEAL,status_RECYCLE,status_UNQUALIFIED,status_ ,status_A,status_B,status_C,status_LOST,web_traffic,unique_users
Fairview Estates,2023,11,6,2581376.0,12835.0,4,0,2,0.0,0.0,A,0.0,0.0,0.0,0.0,0.0,0.0,0.0,0.0,0.0,0.0,0.0,0.0,0.0,0.0,0.0,0.0,0.0,0.0,0.0,0.0,0.0,0.0,0.0,0.0,0.0,0.0,0.0,0.0,0.0,0.0,0.0,0.0,0.0,0.0
Glenview Meadows,2023,11,1,496812.0,2252.0,0,1,0,0.0,0.0,A,0.0,0.0,0.0,0.0,0.0,0.0,0.0,0.0,0.0,0.0,0.0,0.0,0.0,0.0,0.0,0.0,0.0,0.0,0.0,0.0,0.0,0.0,0.0,0.0,0.0,0.0,0.0,0.0,0.0,0.0,0.0,0.0,0.0,0.0
Riverbend Townhomes,2023,11,2,691585.0,3306.0,2,0,0,0.0,0.0,A,0.0,0.0,0.0,0.0,0.0,0.0,0.0,0.0,0.0,0.0,0.0,0.0,0.0,0.0,0.0,0.0,0.0,0.0,0.0,0.0,0.0,0.0,0.0,0.0,0.0,0.0,0.0,0.0,0.0,0.0,0.0,0.0,0.0,0.0
Cedar Creek,2023,12,1,395716.0,1688.0,1,0,0,0.0,0.0,A,0.0,0.0,0.0,0.0,0.0,0.0,0.0,0.0,0.0,0.0,0.0,0.0,0.0,0.0,0.0,0.0,0.0,0.0,0.0,0.0,0.0,0.0,0.0,0.0,0.0,0.0,0.0,0.0,0.0,0.0,0.0,0.0,0.0,0.0
Fairview Estates,2023,12,6,2040095.0,13220.0,2,3,1,0.0,0.0,A,0.0,0.0,0.0,0.0,0.0,0.0,0.0,0.0,0.0,0.0,0.0,0.0,0.0,0.0,0.0,0.0,0.0,0.0,0.0,0.0,0.0,0.0,0.0,0.0,0.0,0.0,0.0,0.0,0.0,0.0,0.0,0.0,0.0,0.0
Glenview Meadows,2023,12,3,1466373.0,7736.0,1,2,0,0.0,0.0,A,0.0,0.0,0.0,0.0,0.0,0.0,0.0,0.0,0.0,0.0,0.0,0.0,0.0,0.0,0.0,0.0,0.0,0.0,0.0,0.0,0.0,0.0,0.0,0.0,0.0,0.0,0.0,0.0,0.0,0.0,0.0,0.0,0.0,0.0
Riverbend Townhomes,2023,12,8,2629830.0,13093.0,5,3,0,0.0,0.0,A,0.0,0.0,0.0,0.0,0.0,0.0,0.0,0.0,0.0,0.0,0.0,0.0,0.0,0.0,0.0,0.0,0.0,0.0,0.0,0.0,0.0,0.0,0.0,0.0,0.0,0.0,0.0,0.0,0.0,0.0,0.0,0.0,0.0,0.0
Cedar Creek,2024,1,1,397867.0,1696.0,1,0,0,0.0,0.0,A,21.0,0.0,0.0,0.0,6.0,1.0,0.0,0.0,1.0,1.0,0.0,6.0,1.0,0.0,4.0,1.0,2.0,3.0,1.0,0.0,0.0,1.0,9.0,3.0,1.0,1.0,0.0,0.0,0.0,0.0,0.0,0.0,927.0,729.0
Fairview Estates,2024,1,5,2203274.0,10772.0,4,1,0,0.0,0.0,A,116.0,0.0,2.0,0.0,11.0,7.0,0.0,0.0,5.0,23.0,2.0,32.0,9.0,1.0,15.0,9.0,3.0,11.0,2.0,5.0,2.0,27.0,36.0,17.0,4.0,7.0,2.0,0.0,0.0,0.0,0.0,0.0,5171.0,4081.0
Glenview Meadows,2024,1,4,2207928.0,10872.0,2,2,0,0.0,0.0,A,30.0,0.0,0.0,0.0,6.0,2.0,0.0,0.0,3.0,3.0,0.0,10.0,1.0,0.0,4.0,1.0,4.0,4.0,0.0,1.0,0.0,5.0,6.0,7.0,0.0,3.0,0.0,0.0,0.0,0.0,0.0,0.0,1742.0,1421.0
Riverbend Townhomes,2024,1,6,2022738.0,8882.0,2,3,1,0.0,0.0,A,77.0,0.0,1.0,0.0,8.0,8.0,0.0,0.0,8.0,16.0,1.0,16.0,10.0,0.0,4.0,5.0,4.0,9.0,6.0,5.0,2.0,7.0,23.0,16.0,2.0,2.0,1.0,0.0,0.0,0.0,0.0,0.0,3259.0,2501.0
Cedar Creek,2024,2,3,1149830.0,5984.0,1,2,0,0.0,0.0,A,16.0,0.0,0.0,0.0,1.0,0.0,0.0,0.0,1.0,4.0,0.0,2.0,0.0,0.0,3.0,5.0,2.0,1.0,1.0,0.0,0.0,3.0,4.0,4.0,0.0,1.0,0.0,0.0,0.0,0.0,0.0,0.0,824.0,644.0
Fairview Estates,2024,2,10,4180006.0,22963.0,5,3,2,0.0,0.0,A,122.0,0.0,3.0,0.0,14.0,6.0,1.0,0.0,10.0,24.0,3.0,27.0,7.0,0.0,12.0,15.0,8.0,15.0,6.0,1.0,0.0,27.0,36.0,19.0,3.0,6.0,1.0,0.0,0.0,0.0,0.0,0.0,4957.0,3959.0
Glenview Meadows,2024,2,1,465195.0,2463.0,0,1,0,0.0,0.0,A,28.0,0.0,0.0,0.0,5.0,0.0,0.0,0.0,3.0,6.0,1.0,8.0,2.0,0.0,0.0,3.0,2.0,2.0,2.0,1.0,1.0,4.0,8.0,5.0,1.0,2.0,0.0,0.0,0.0,0.0,0.0,0.0,1588.0,1255.0
Riverbend Townhomes,2024,2,4,1372834.0,5232.0,3,1,0,0.0,0.0,A,87.0,0.0,1.0,0.0,13.0,3.0,0.0,0.0,5.0,23.0,4.0,15.0,8.0,0.0,8.0,7.0,10.0,8.0,9.0,3.0,0.0,17.0,16.0,16.0,1.0,5.0,2.0,0.0,0.0,0.0,0.0,0.0,3564.0,2710.0
Maplewood Heights,2024,2,6,2885271.0,12825.0,4,0,2,0.0,0.0,B,122.0,0.0,6.0,0.0,14.0,6.0,0.0,0.0,10.0,24.0,0.0,27.0,7.0,0.0,13.0,15.0,0.0,0.0,0.0,0.0,0.0,0.0,0.0,0.0,0.0,0.0,0.0,20.0,18.0,30.0,37.0,17.0,4801.0,3899.0
Oakridge Villas,2024,2,2,1436541.0,5411.0,1,1,0,0.0,0.0,B,28.0,0.0,1.0,0.0,5.0,0.0,0.0,0.0,3.0,6.0,0.0,8.0,2.0,0.0,0.0,3.0,0.0,0.0,0.0,0.0,0.0,0.0,0.0,0.0,0.0,0.0,0.0,4.0,4.0,5.0,9.0,6.0,749.0,591.0
Willow Creek Meadows,2024,2,3,1235052.0,3301.0,2,0,1,0.0,0.0,B,87.0,0.0,5.0,0.0,13.0,3.0,0.0,0.0,5.0,23.0,0.0,15.0,8.0,0.0,8.0,7.0,0.0,0.0,0.0,0.0,0.0,0.0,0.0,0.0,0.0,0.0,0.0,17.0,15.0,18.0,19.0,18.0,4435.0,3404.0
Cedar Creek,2024,3,2,826024.0,4086.0,1,1,0,0.0,0.0,A,16.0,0.0,1.0,0.0,1.0,3.0,0.0,0.0,0.0,2.0,1.0,6.0,1.0,0.0,1.0,0.0,3.0,2.0,1.0,0.0,1.0,1.0,7.0,0.0,0.0,1.0,0.0,0.0,0.0,0.0,0.0,0.0,1041.0,828.0
Fairview Estates,2024,3,6,2540087.0,15178.0,6,0,0,0.0,0.0,A,122.0,0.0,3.0,0.0,16.0,12.0,0.0,0.0,8.0,23.0,6.0,28.0,6.0,1.0,12.0,7.0,7.0,14.0,5.0,4.0,3.0,20.0,30.0,23.0,4.0,10.0,2.0,0.0,0.0,0.0,0.0,0.0,5435.0,4226.0
Glenview Meadows,2024,3,6,2990088.0,15603.0,4,2,0,0.0,0.0,A,40.0,1.0,3.0,0.0,6.0,2.0,0.0,0.0,1.0,5.0,0.0,9.0,5.0,0.0,1.0,7.0,6.0,6.0,3.0,1.0,0.0,4.0,13.0,6.0,0.0,1.0,0.0,0.0,0.0,0.0,0.0,0.0,1759.0,1364.0
Riverbend Townhomes,2024,3,3,1062196.0,5073.0,0,3,0,0.0,0.0,A,78.0,1.0,1.0,0.0,8.0,11.0,1.0,0.0,8.0,9.0,1.0,23.0,6.0,0.0,6.0,3.0,14.0,4.0,4.0,4.0,1.0,14.0,20.0,15.0,0.0,1.0,1.0,0.0,0.0,0.0,0.0,0.0,3563.0,2746.0
Maplewood Heights,2024,3,4,2076872.0,32109.0,2,2,0,0.0,0.0,B,122.0,0.0,9.0,0.0,16.0,12.0,0.0,0.0,8.0,23.0,0.0,28.0,6.0,1.0,12.0,7.0,0.0,0.0,0.0,0.0,0.0,0.0,0.0,0.0,0.0,0.0,0.0,24.0,22.0,22.0,34.0,20.0,5419.0,4242.0
Oakridge Villas,2024,3,4,3028434.0,10182.0,3,1,0,0.0,0.0,B,40.0,1.0,3.0,0.0,6.0,2.0,0.0,0.0,1.0,5.0,0.0,9.0,5.0,0.0,1.0,7.0,0.0,0.0,0.0,0.0,0.0,0.0,0.0,0.0,0.0,0.0,0.0,9.0,5.0,5.0,13.0,8.0,900.0,702.0
Sunset Pines,2024,3,2,1541329.0,6038.0,0,2,0,0.0,0.0,B,16.0,0.0,2.0,0.0,1.0,3.0,0.0,0.0,0.0,2.0,0.0,6.0,1.0,0.0,1.0,0.0,0.0,0.0,0.0,0.0,0.0,0.0,0.0,0.0,0.0,0.0,0.0,3.0,0.0,1.0,8.0,4.0,1509.0,1200.0
Willow Creek Meadows,2024,3,3,1103217.0,5064.0,1,2,0,0.0,0.0,B,78.0,1.0,2.0,0.0,8.0,11.0,1.0,0.0,8.0,9.0,0.0,23.0,6.0,0.0,6.0,3.0,0.0,0.0,0.0,0.0,0.0,0.0,0.0,0.0,0.0,0.0,0.0,15.0,15.0,15.0,20.0,13.0,4526.0,3531.0
Fairview Estates,2024,4,9,3744173.0,20446.0,4,4,1,0.0,0.0,A,103.0,2.0,4.0,0.0,12.0,7.0,0.0,0.0,13.0,18.0,0.0,20.0,6.0,0.0,7.0,14.0,6.0,12.0,6.0,3.0,1.0,17.0,31.0,17.0,0.0,8.0,2.0,0.0,0.0,0.0,0.0,0.0,5140.0,4005.0
Glenview Meadows,2024,4,2,871682.0,5267.0,1,1,0,0.0,0.0,A,21.0,0.0,0.0,0.0,0.0,1.0,0.0,0.0,2.0,7.0,0.0,4.0,3.0,0.0,4.0,0.0,1.0,1.0,1.0,3.0,0.0,5.0,4.0,3.0,0.0,2.0,1.0,0.0,0.0,0.0,0.0,0.0,1735.0,1348.0
Riverbend Townhomes,2024,4,8,2772870.0,12848.0,4,4,0,0.0,0.0,A,61.0,0.0,0.0,0.0,9.0,4.0,1.0,0.0,6.0,16.0,1.0,9.0,7.0,0.0,3.0,5.0,8.0,2.0,4.0,1.0,0.0,8.0,24.0,9.0,2.0,1.0,2.0,0.0,0.0,0.0,0.0,0.0,3441.0,2665.0
Maplewood Heights,2024,4,4,1959873.0,8457.0,2,2,0,0.0,0.0,B,103.0,2.0,4.0,0.0,12.0,7.0,0.0,0.0,13.0,18.0,0.0,20.0,6.0,0.0,7.0,14.0,0.0,0.0,0.0,0.0,0.0,0.0,0.0,0.0,0.0,0.0,0.0,22.0,17.0,18.0,32.0,14.0,5333.0,4156.0
Oakridge Villas,2024,4,3,2015442.0,5536.0,2,1,0,0.0,0.0,B,21.0,0.0,0.0,0.0,0.0,1.0,0.0,0.0,2.0,7.0,0.0,4.0,3.0,0.0,4.0,0.0,0.0,0.0,0.0,0.0,0.0,0.0,0.0,0.0,0.0,0.0,0.0,6.0,3.0,5.0,5.0,2.0,798.0,615.0
Willow Creek Meadows,2024,4,6,2441453.0,10202.0,1,5,0,0.0,0.0,B,61.0,0.0,1.0,0.0,9.0,4.0,1.0,0.0,6.0,16.0,0.0,9.0,7.0,0.0,3.0,5.0,0.0,0.0,0.0,0.0,0.0,0.0,0.0,0.0,0.0,0.0,0.0,12.0,9.0,10.0,23.0,7.0,4494.0,3490.0
Cedar Creek,2024,5,2,752273.0,3606.0,1,1,0,0.0,0.0,A,25.0,0.0,0.0,0.0,4.0,5.0,1.0,0.0,4.0,3.0,0.0,1.0,5.0,0.0,1.0,1.0,2.0,2.0,2.0,1.0,1.0,2.0,10.0,3.0,1.0,1.0,0.0,0.0,0.0,0.0,0.0,0.0,971.0,769.0
Fairview Estates,2024,5,4,1694771.0,8760.0,1,3,0,0.0,0.0,A,142.0,0.0,8.0,0.0,16.0,10.0,0.0,0.0,17.0,34.0,1.0,20.0,8.0,1.0,18.0,9.0,6.0,17.0,7.0,4.0,1.0,26.0,38.0,24.0,2.0,14.0,3.0,0.0,0.0,0.0,0.0,0.0,5205.0,4013.0
Glenview Meadows,2024,5,5,2586912.0,13462.0,3,2,0,0.0,0.0,A,38.0,1.0,0.0,0.0,8.0,2.0,0.0,0.0,2.0,5.0,1.0,4.0,2.0,0.0,8.0,5.0,6.0,6.0,2.0,0.0,0.0,4.0,8.0,7.0,1.0,4.0,0.0,0.0,0.0,0.0,0.0,0.0,1796.0,1345.0
Riverbend Townhomes,2024,5,9,3149007.0,15770.0,5,3,1,0.0,0.0,A,67.0,0.0,0.0,0.0,14.0,5.0,0.0,1.0,2.0,11.0,1.0,8.0,7.0,0.0,13.0,5.0,5.0,8.0,2.0,2.0,0.0,10.0,24.0,10.0,4.0,1.0,1.0,0.0,0.0,0.0,0.0,0.0,3300.0,2626.0
Maplewood Heights,2024,5,13,6796266.0,29337.0,9,4,0,0.0,0.0,B,142.0,0.0,9.0,0.0,16.0,10.0,0.0,0.0,17.0,34.0,0.0,20.0,8.0,1.0,18.0,9.0,0.0,0.0,0.0,0.0,0.0,0.0,0.0,0.0,0.0,0.0,0.0,29.0,23.0,28.0,42.0,20.0,5335.0,4185.0
Oakridge Villas,2024,5,4,2871354.0,9789.0,4,0,0,0.0,0.0,B,38.0,1.0,1.0,0.0,8.0,2.0,0.0,0.0,2.0,5.0,0.0,4.0,2.0,0.0,8.0,5.0,0.0,0.0,0.0,0.0,0.0,0.0,0.0,0.0,0.0,0.0,0.0,7.0,7.0,4.0,9.0,11.0,848.0,635.0
Sunset Pines,2024,5,1,822724.0,3216.0,0,0,1,0.0,0.0,B,25.0,0.0,0.0,0.0,4.0,5.0,1.0,0.0,4.0,3.0,0.0,1.0,5.0,0.0,1.0,1.0,0.0,0.0,0.0,0.0,0.0,0.0,0.0,0.0,0.0,0.0,0.0,5.0,2.0,4.0,10.0,4.0,1409.0,1112.0
Willow Creek Meadows,2024,5,7,2720275.0,12119.0,4,3,0,0.0,0.0,B,67.0,0.0,1.0,0.0,14.0,5.0,0.0,1.0,2.0,11.0,0.0,8.0,7.0,0.0,13.0,5.0,0.0,0.0,0.0,0.0,0.0,0.0,0.0,0.0,0.0,0.0,0.0,14.0,10.0,10.0,24.0,9.0,4085.0,3187.0
Cedar Creek,2024,6,2,875977.0,4240.0,0,2,0,0.0,0.0,A,19.0,0.0,2.0,0.0,4.0,2.0,0.0,1.0,1.0,2.0,0.0,3.0,0.0,0.0,3.0,1.0,2.0,1.0,2.0,0.0,0.0,4.0,7.0,1.0,1.0,1.0,0.0,0.0,0.0,0.0,0.0,0.0,791.0,595.0
Fairview Estates,2024,6,7,2975689.0,15036.0,6,1,0,0.0,0.0,A,126.0,1.0,4.0,0.0,22.0,5.0,0.0,0.0,10.0,31.0,3.0,25.0,6.0,0.0,6.0,13.0,9.0,16.0,5.0,0.0,0.0,22.0,39.0,20.0,4.0,6.0,5.0,0.0,0.0,0.0,0.0,0.0,5257.0,4191.0
Glenview Meadows,2024,6,1,473607.0,2495.0,1,0,0,0.0,0.0,A,38.0,0.0,0.0,0.0,3.0,6.0,0.0,0.0,5.0,11.0,0.0,5.0,5.0,0.0,1.0,2.0,4.0,2.0,1.0,1.0,1.0,6.0,10.0,8.0,1.0,2.0,2.0,0.0,0.0,0.0,0.0,0.0,1764.0,1357.0
Riverbend Townhomes,2024,6,3,1050977.0,4775.0,3,0,0,0.0,0.0,A,71.0,0.0,4.0,1.0,5.0,6.0,0.0,0.0,8.0,11.0,1.0,15.0,2.0,1.0,9.0,8.0,9.0,7.0,5.0,0.0,1.0,14.0,20.0,9.0,2.0,3.0,1.0,0.0,0.0,0.0,0.0,0.0,3451.0,2643.0
Maplewood Heights,2024,6,6,3050475.0,13316.0,3,3,0,0.0,0.0,B,126.0,1.0,7.0,0.0,22.0,5.0,0.0,0.0,10.0,31.0,0.0,25.0,6.0,0.0,6.0,13.0,0.0,0.0,0.0,0.0,0.0,0.0,0.0,0.0,0.0,0.0,0.0,27.0,17.0,27.0,39.0,16.0,5106.0,3909.0
Sunset Pines,2024,6,2,1629984.0,5905.0,0,2,0,0.0,0.0,B,19.0,0.0,2.0,0.0,4.0,2.0,0.0,1.0,1.0,2.0,0.0,3.0,0.0,0.0,3.0,1.0,0.0,0.0,0.0,0.0,0.0,0.0,0.0,0.0,0.0,0.0,0.0,3.0,1.0,4.0,7.0,4.0,1181.0,897.0
Willow Creek Meadows,2024,6,3,1325480.0,4749.0,2,1,0,0.0,0.0,B,71.0,0.0,5.0,1.0,5.0,6.0,0.0,0.0,8.0,11.0,0.0,15.0,2.0,1.0,9.0,8.0,0.0,0.0,0.0,0.0,0.0,0.0,0.0,0.0,0.0,0.0,0.0,14.0,8.0,15.0,21.0,13.0,4580.0,3450.0
Cedar Creek,2024,7,3,948735.0,6657.0,0,3,0,0.0,0.0,A,15.0,0.0,0.0,0.0,2.0,1.0,0.0,0.0,1.0,4.0,0.0,4.0,0.0,0.0,1.0,2.0,1.0,1.0,0.0,1.0,0.0,2.0,7.0,2.0,0.0,1.0,0.0,0.0,0.0,0.0,0.0,0.0,960.0,748.0
Fairview Estates,2024,7,9,3813327.0,19327.0,4,4,1,0.0,0.0,A,124.0,0.0,3.0,0.0,25.0,10.0,0.0,0.0,14.0,14.0,6.0,26.0,7.0,0.0,12.0,7.0,15.0,14.0,2.0,2.0,0.0,21.0,32.0,24.0,3.0,8.0,3.0,0.0,0.0,0.0,0.0,0.0,5470.0,4271.0
Glenview Meadows,2024,7,1,551915.0,2809.0,0,1,0,0.0,0.0,A,33.0,0.0,0.0,0.0,1.0,3.0,0.0,0.0,6.0,6.0,0.0,11.0,3.0,0.0,1.0,2.0,0.0,4.0,4.0,1.0,0.0,8.0,6.0,5.0,2.0,1.0,2.0,0.0,0.0,0.0,0.0,0.0,1811.0,1399.0
Riverbend Townhomes,2024,7,5,1874080.0,7719.0,4,0,1,0.0,0.0,A,76.0,0.0,0.0,1.0,9.0,8.0,0.0,0.0,8.0,23.0,2.0,8.0,3.0,0.0,12.0,2.0,5.0,11.0,6.0,1.0,0.0,15.0,21.0,8.0,3.0,3.0,3.0,0.0,0.0,0.0,0.0,0.0,3488.0,2758.0
Maplewood Heights,2024,7,4,2081176.0,8521.0,2,2,0,0.0,0.0,B,124.0,0.0,9.0,0.0,25.0,10.0,0.0,0.0,14.0,14.0,0.0,26.0,7.0,0.0,12.0,7.0,0.0,0.0,0.0,0.0,0.0,0.0,0.0,0.0,0.0,0.0,0.0,31.0,24.0,22.0,35.0,12.0,5561.0,4181.0
Willow Creek Meadows,2024,7,10,4359178.0,16691.0,5,4,1,0.0,0.0,B,76.0,0.0,2.0,1.0,9.0,8.0,0.0,0.0,8.0,23.0,0.0,8.0,3.0,0.0,12.0,2.0,0.0,0.0,0.0,0.0,0.0,0.0,0.0,0.0,0.0,0.0,0.0,19.0,8.0,16.0,21.0,12.0,4233.0,3336.0
Fairview Estates,2024,8,11,4882335.0,25531.0,2,9,0,0.0,0.0,A,104.0,1.0,2.0,0.0,12.0,9.0,0.0,1.0,8.0,27.0,1.0,25.0,5.0,0.0,5.0,8.0,8.0,12.0,7.0,4.0,2.0,14.0,37.0,13.0,2.0,3.0,2.0,0.0,0.0,0.0,0.0,0.0,5474.0,4362.0
Riverbend Townhomes,2024,8,4,1381068.0,30506.0,2,2,0,0.0,0.0,A,58.0,0.0,2.0,0.0,3.0,1.0,0.0,0.0,10.0,10.0,1.0,10.0,8.0,0.0,6.0,7.0,2.0,4.0,4.0,3.0,0.0,10.0,21.0,7.0,4.0,1.0,2.0,0.0,0.0,0.0,0.0,0.0,3519.0,2675.0
Maplewood Heights,2024,8,5,2459578.0,11299.0,2,3,0,0.0,0.0,B,104.0,0.0,3.0,0.0,12.0,9.0,0.0,1.0,8.0,27.0,0.0,25.0,5.0,0.0,6.0,8.0,0.0,0.0,0.0,0.0,0.0,0.0,0.0,0.0,0.0,0.0,0.0,26.0,13.0,16.0,37.0,12.0,5584.0,4381.0
Oakridge Villas,2024,8,1,722214.0,3063.0,1,0,0,0.0,0.0,B,27.0,0.0,1.0,0.0,5.0,4.0,0.0,0.0,1.0,7.0,0.0,4.0,0.0,0.0,3.0,2.0,0.0,0.0,0.0,0.0,0.0,0.0,0.0,0.0,0.0,0.0,0.0,3.0,4.0,8.0,11.0,1.0,859.0,688.0
Willow Creek Meadows,2024,8,6,2463662.0,10322.0,3,2,1,0.0,0.0,B,58.0,0.0,3.0,0.0,3.0,1.0,0.0,0.0,10.0,10.0,0.0,10.0,8.0,0.0,6.0,7.0,0.0,0.0,0.0,0.0,0.0,0.0,0.0,0.0,0.0,0.0,0.0,10.0,6.0,11.0,21.0,10.0,4337.0,3243.0
Fairview Estates,2024,9,5,2116474.0,11019.0,3,2,0,0.0,0.0,A,133.0,0.0,4.0,0.0,10.0,15.0,0.0,0.0,13.0,28.0,3.0,26.0,12.0,0.0,10.0,12.0,9.0,15.0,6.0,4.0,2.0,31.0,41.0,14.0,3.0,6.0,2.0,0.0,0.0,0.0,0.0,0.0,5266.0,4257.0
Glenview Meadows,2024,9,1,513109.0,2647.0,1,0,0,0.0,0.0,A,32.0,0.0,0.0,0.0,3.0,2.0,0.0,0.0,1.0,7.0,1.0,9.0,1.0,0.0,4.0,4.0,2.0,7.0,2.0,0.0,0.0,5.0,7.0,5.0,1.0,2.0,1.0,0.0,0.0,0.0,0.0,0.0,1673.0,1281.0
Riverbend Townhomes,2024,9,3,1025749.0,4461.0,2,1,0,0.0,0.0,A,76.0,0.0,4.0,0.0,8.0,4.0,0.0,0.0,5.0,13.0,2.0,17.0,5.0,0.0,12.0,6.0,3.0,8.0,1.0,3.0,1.0,15.0,19.0,17.0,3.0,5.0,1.0,0.0,0.0,0.0,0.0,0.0,3219.0,2546.0
Maplewood Heights,2024,9,11,5472605.0,25841.0,6,4,1,0.0,0.0,B,133.0,0.0,7.0,0.0,10.0,15.0,0.0,0.0,13.0,28.0,0.0,26.0,12.0,0.0,10.0,12.0,0.0,0.0,0.0,0.0,0.0,0.0,0.0,0.0,0.0,0.0,0.0,28.0,13.0,35.0,41.0,16.0,5007.0,4042.0
Oakridge Villas,2024,9,1,659360.0,2418.0,1,0,0,0.0,0.0,B,32.0,0.0,1.0,0.0,3.0,2.0,0.0,0.0,1.0,7.0,0.0,9.0,1.0,0.0,4.0,4.0,0.0,0.0,0.0,0.0,0.0,0.0,0.0,0.0,0.0,0.0,0.0,10.0,5.0,5.0,9.0,3.0,800.0,617.0
Sunset Pines,2024,9,1,838311.0,2845.0,0,1,0,0.0,0.0,B,18.0,0.0,0.0,0.0,2.0,2.0,0.0,0.0,0.0,2.0,0.0,5.0,3.0,0.0,3.0,1.0,0.0,0.0,0.0,0.0,0.0,0.0,0.0,0.0,0.0,0.0,0.0,2.0,7.0,5.0,2.0,2.0,1289.0,988.0
Willow Creek Meadows,2024,9,10,4140372.0,16533.0,8,2,0,0.0,0.0,B,76.0,0.0,6.0,0.0,8.0,4.0,0.0,0.0,5.0,13.0,0.0,17.0,5.0,0.0,12.0,6.0,0.0,0.0,0.0,0.0,0.0,0.0,0.0,0.0,0.0,0.0,0.0,14.0,17.0,15.0,22.0,8.0,4130.0,3252.0
Fairview Estates,2024,10,3,1344482.0,4891.0,2,1,0,0.0,0.0,A,115.0,0.0,6.0,1.0,14.0,16.0,0.0,0.0,15.0,19.0,4.0,18.0,8.0,0.0,10.0,4.0,11.0,17.0,5.0,1.0,1.0,19.0,37.0,14.0,3.0,6.0,1.0,0.0,0.0,0.0,0.0,0.0,5392.0,4166.0
Glenview Meadows,2024,10,1,518807.0,2700.0,0,1,0,0.0,0.0,A,33.0,0.0,0.0,0.0,8.0,0.0,0.0,0.0,3.0,1.0,1.0,11.0,6.0,0.0,2.0,1.0,6.0,1.0,1.0,2.0,1.0,2.0,10.0,7.0,0.0,3.0,0.0,0.0,0.0,0.0,0.0,0.0,1713.0,1348.0
Riverbend Townhomes,2024,10,9,3166851.0,14361.0,2,7,0,0.0,0.0,A,68.0,0.0,0.0,0.0,8.0,5.0,0.0,1.0,10.0,12.0,0.0,15.0,6.0,0.0,10.0,1.0,7.0,9.0,3.0,0.0,0.0,15.0,27.0,6.0,1.0,0.0,0.0,0.0,0.0,0.0,0.0,0.0,3198.0,2385.0
Maplewood Heights,2024,10,7,2916421.0,15477.0,3,4,0,0.0,0.0,B,115.0,0.0,10.0,1.0,14.0,16.0,0.0,0.0,15.0,19.0,0.0,18.0,8.0,0.0,10.0,4.0,0.0,0.0,0.0,0.0,0.0,0.0,0.0,0.0,0.0,0.0,0.0,26.0,13.0,20.0,41.0,15.0,5561.0,4311.0
Oakridge Villas,2024,10,5,3592215.0,10359.0,2,3,0,0.0,0.0,B,33.0,0.0,1.0,0.0,8.0,0.0,0.0,0.0,3.0,1.0,0.0,11.0,6.0,0.0,2.0,1.0,0.0,0.0,0.0,0.0,0.0,0.0,0.0,0.0,0.0,0.0,0.0,6.0,7.0,2.0,10.0,8.0,871.0,682.0
Sunset Pines,2024,10,1,889865.0,3496.0,1,0,0,0.0,0.0,B,25.0,0.0,0.0,0.0,2.0,2.0,0.0,0.0,1.0,3.0,0.0,7.0,3.0,0.0,3.0,4.0,0.0,0.0,0.0,0.0,0.0,0.0,0.0,0.0,0.0,0.0,0.0,6.0,2.0,9.0,7.0,1.0,1276.0,996.0
Willow Creek Meadows,2024,10,6,2320556.0,9942.0,2,3,1,0.0,0.0,B,68.0,0.0,0.0,0.0,8.0,5.0,0.0,1.0,10.0,12.0,0.0,15.0,6.0,0.0,10.0,1.0,0.0,0.0,0.0,0.0,0.0,0.0,0.0,0.0,0.0,0.0,0.0,14.0,6.0,17.0,25.0,6.0,4116.0,3104.0
Cedar Creek,2024,11,5,1960690.0,10325.0,2,2,1,0.0,0.0,A,16.0,0.0,0.0,0.0,1.0,0.0,0.0,0.0,1.0,4.0,1.0,5.0,2.0,0.0,1.0,1.0,3.0,1.0,2.0,0.0,0.0,2.0,4.0,1.0,1.0,1.0,1.0,0.0,0.0,0.0,0.0,0.0,989.0,770.0
Fairview Estates,2024,11,9,4004591.0,20456.0,7,2,0,0.0,0.0,A,116.0,0.0,5.0,0.0,11.0,12.0,0.0,0.0,9.0,23.0,3.0,24.0,10.0,1.0,11.0,7.0,8.0,16.0,5.0,2.0,1.0,17.0,33.0,23.0,3.0,7.0,1.0,0.0,0.0,0.0,0.0,0.0,5373.0,4170.0
Glenview Meadows,2024,11,3,1691749.0,8015.0,3,0,0,0.0,0.0,A,32.0,0.0,0.0,0.0,6.0,4.0,0.0,0.0,2.0,6.0,0.0,5.0,1.0,0.0,4.0,4.0,4.0,3.0,1.0,1.0,0.0,8.0,10.0,2.0,1.0,1.0,1.0,0.0,0.0,0.0,0.0,0.0,1643.0,1298.0
Riverbend Townhomes,2024,11,4,1323442.0,6122.0,2,2,0,0.0,0.0,A,76.0,0.0,2.0,1.0,13.0,9.0,0.0,0.0,5.0,6.0,5.0,20.0,2.0,0.0,8.0,5.0,8.0,10.0,2.0,3.0,0.0,12.0,23.0,11.0,1.0,5.0,1.0,0.0,0.0,0.0,0.0,0.0,3725.0,2846.0
Maplewood Heights,2024,11,5,2445808.0,11233.0,4,1,0,0.0,0.0,B,116.0,0.0,8.0,0.0,11.0,12.0,0.0,0.0,9.0,23.0,0.0,24.0,10.0,1.0,11.0,7.0,0.0,0.0,0.0,0.0,0.0,0.0,0.0,0.0,0.0,0.0,0.0,24.0,21.0,20.0,32.0,19.0,5179.0,4038.0
Oakridge Villas,2024,11,2,1516615.0,2853.0,0,1,1,0.0,0.0,B,32.0,0.0,0.0,0.0,6.0,4.0,0.0,0.0,2.0,6.0,0.0,5.0,1.0,0.0,4.0,4.0,0.0,0.0,0.0,0.0,0.0,0.0,0.0,0.0,0.0,0.0,0.0,7.0,2.0,9.0,10.0,4.0,831.0,649.0
Sunset Pines,2024,11,1,821554.0,3083.0,0,1,0,0.0,0.0,B,16.0,0.0,1.0,0.0,1.0,0.0,0.0,0.0,1.0,4.0,0.0,5.0,2.0,0.0,1.0,1.0,0.0,0.0,0.0,0.0,0.0,0.0,0.0,0.0,0.0,0.0,0.0,3.0,1.0,2.0,4.0,6.0,1451.0,1133.0
Willow Creek Meadows,2024,11,7,2474977.0,11890.0,4,3,0,0.0,0.0,B,76.0,0.0,7.0,1.0,13.0,9.0,0.0,0.0,5.0,6.0,0.0,20.0,2.0,0.0,8.0,5.0,0.0,0.0,0.0,0.0,0.0,0.0,0.0,0.0,0.0,0.0,0.0,19.0,11.0,13.0,25.0,8.0,4609.0,3537.0
Cedar Creek,2024,12,2,724850.0,3806.0,0,2,0,0.0,0.0,A,13.0,0.0,0.0,0.0,1.0,1.0,0.0,0.0,3.0,3.0,0.0,3.0,1.0,0.0,0.0,1.0,2.0,1.0,1.0,0.0,0.0,0.0,6.0,2.0,1.0,0.0,0.0,0.0,0.0,0.0,0.0,0.0,896.0,681.0
Fairview Estates,2024,12,7,3147573.0,13051.0,3,3,1,0.0,0.0,A,135.0,0.0,3.0,0.0,14.0,10.0,0.0,0.0,12.0,30.0,3.0,26.0,7.0,0.0,15.0,15.0,10.0,16.0,9.0,2.0,2.0,12.0,38.0,23.0,5.0,11.0,7.0,0.0,0.0,0.0,0.0,0.0,5426.0,4325.0
Glenview Meadows,2024,12,8,4272522.0,19989.0,4,2,2,0.0,0.0,A,39.0,0.0,1.0,0.0,3.0,3.0,0.0,0.0,6.0,7.0,1.0,7.0,3.0,0.0,7.0,1.0,3.0,4.0,4.0,1.0,0.0,7.0,9.0,6.0,2.0,3.0,0.0,0.0,0.0,0.0,0.0,0.0,1728.0,1319.0
Riverbend Townhomes,2024,12,3,535627.0,4591.0,3,0,0,0.0,0.0,A,83.0,0.0,2.0,0.0,8.0,4.0,0.0,1.0,6.0,17.0,1.0,20.0,7.0,0.0,12.0,5.0,3.0,5.0,3.0,6.0,1.0,21.0,22.0,13.0,1.0,7.0,1.0,0.0,0.0,0.0,0.0,0.0,3231.0,2471.0
Maplewood Heights,2024,12,8,4161692.0,17047.0,6,2,0,0.0,0.0,B,135.0,0.0,6.0,0.0,14.0,10.0,0.0,0.0,12.0,30.0,0.0,26.0,7.0,0.0,15.0,15.0,0.0,0.0,0.0,0.0,0.0,0.0,0.0,0.0,0.0,0.0,0.0,33.0,21.0,16.0,41.0,24.0,5463.0,4322.0
Oakridge Villas,2024,12,2,1392670.0,5356.0,1,1,0,0.0,0.0,B,39.0,0.0,2.0,0.0,3.0,3.0,0.0,0.0,6.0,7.0,0.0,7.0,3.0,0.0,7.0,1.0,0.0,0.0,0.0,0.0,0.0,0.0,0.0,0.0,0.0,0.0,0.0,6.0,6.0,7.0,11.0,9.0,849.0,647.0
Willow Creek Meadows,2024,12,2,782756.0,3364.0,1,1,0,0.0,0.0,B,83.0,0.0,3.0,0.0,8.0,4.0,0.0,1.0,6.0,17.0,0.0,20.0,7.0,0.0,12.0,5.0,0.0,0.0,0.0,0.0,0.0,0.0,0.0,0.0,0.0,0.0,0.0,13.0,12.0,23.0,23.0,12.0,4009.0,3078.0
Cedar Creek,2025,1,1,412069.0,1849.0,1,0,0,1.0,0.0,A,19.0,0.0,0.0,1.0,4.0,1.0,0.0,0.0,1.0,4.0,0.0,3.0,1.0,0.0,3.0,1.0,2.0,1.0,1.0,0.0,1.0,4.0,3.0,5.0,1.0,1.0,0.0,0.0,0.0,0.0,0.0,0.0,1033.0,815.0
Fairview Estates,2025,1,9,3864227.0,20074.0,3,6,0,7.0,2.0,A,96.0,0.0,1.0,0.0,7.0,11.0,0.0,0.0,6.0,19.0,2.0,24.0,6.0,0.0,11.0,9.0,7.0,9.0,3.0,3.0,0.0,16.0,36.0,12.0,1.0,7.0,2.0,0.0,0.0,0.0,0.0,0.0,5518.0,4239.0
Glenview Meadows,2025,1,1,592539.0,2168.0,0,0,1,2.0,-1.0,A,37.0,0.0,0.0,0.0,7.0,3.0,0.0,0.0,3.0,8.0,1.0,7.0,0.0,0.0,5.0,3.0,2.0,4.0,4.0,1.0,0.0,4.0,10.0,10.0,1.0,1.0,0.0,0.0,0.0,0.0,0.0,0.0,1643.0,1278.0
Riverbend Townhomes,2025,1,2,632568.0,3468.0,1,0,1,4.0,-2.0,A,85.0,0.0,3.0,1.0,13.0,5.0,0.0,1.0,11.0,10.0,2.0,15.0,8.0,0.0,7.0,9.0,5.0,6.0,3.0,3.0,0.0,19.0,24.0,17.0,2.0,5.0,1.0,0.0,0.0,0.0,0.0,0.0,3629.0,2824.0
Maplewood Heights,2025,1,9,4674743.0,16504.0,6,3,0,0.0,9.0,B,96.0,0.0,3.0,0.0,7.0,11.0,0.0,0.0,6.0,19.0,0.0,24.0,6.0,0.0,11.0,9.0,0.0,0.0,0.0,0.0,0.0,0.0,0.0,0.0,0.0,0.0,0.0,18.0,12.0,16.0,38.0,12.0,5359.0,4157.0
Oakridge Villas,2025,1,2,1460137.0,4127.0,2,0,0,8.0,-6.0,B,37.0,0.0,1.0,0.0,7.0,3.0,0.0,0.0,3.0,8.0,0.0,7.0,0.0,0.0,5.0,3.0,0.0,0.0,0.0,0.0,0.0,0.0,0.0,0.0,0.0,0.0,0.0,7.0,10.0,4.0,11.0,5.0,792.0,613.0
Sunset Pines,2025,1,1,726668.0,3138.0,1,0,0,0.0,1.0,B,19.0,0.0,0.0,1.0,4.0,1.0,0.0,0.0,1.0,4.0,0.0,3.0,1.0,0.0,3.0,1.0,0.0,0.0,0.0,0.0,0.0,0.0,0.0,0.0,0.0,0.0,0.0,1.0,5.0,4.0,3.0,6.0,1481.0,1166.0
Willow Creek Meadows,2025,1,12,4920340.0,17844.0,2,10,0,2.0,10.0,B,85.0,0.0,5.0,0.0,13.0,5.0,0.0,1.0,11.0,10.0,0.0,15.0,8.0,0.0,8.0,9.0,0.0,0.0,0.0,0.0,0.0,0.0,0.0,0.0,0.0,0.0,0.0,15.0,16.0,21.0,25.0,8.0,4579.0,3559.0
Fairview Estates,2025,2,6,2557331.0,12930.0,5,1,0,7.0,-1.0,A,170.0,1.0,3.0,0.0,14.0,6.0,0.0,0.0,85.0,17.0,1.0,18.0,6.0,0.0,11.0,8.0,12.0,7.0,4.0,4.0,0.0,17.0,105.0,9.0,2.0,8.0,2.0,0.0,0.0,0.0,0.0,0.0,4921.0,3799.0
Glenview Meadows,2025,2,5,2473228.0,13868.0,4,1,0,1.0,4.0,A,107.0,0.0,1.0,0.0,7.0,1.0,0.0,0.0,84.0,5.0,1.0,4.0,1.0,0.0,2.0,1.0,1.0,1.0,1.0,1.0,0.0,8.0,85.0,7.0,1.0,2.0,0.0,0.0,0.0,0.0,0.0,0.0,1689.0,1316.0
Riverbend Townhomes,2025,2,7,2393055.0,11581.0,5,1,1,5.0,2.0,A,138.0,0.0,2.0,0.0,10.0,7.0,1.0,0.0,72.0,14.0,1.0,11.0,5.0,0.0,7.0,8.0,8.0,9.0,4.0,0.0,0.0,13.0,83.0,14.0,3.0,4.0,0.0,0.0,0.0,0.0,0.0,0.0,3178.0,2371.0
,2025,2,0,0.0,0.0,0,0,0,2.0,-2.0,A,0.0,0.0,0.0,0.0,0.0,0.0,0.0,0.0,0.0,0.0,0.0,0.0,0.0,0.0,0.0,0.0,0.0,0.0,0.0,0.0,0.0,0.0,0.0,0.0,0.0,0.0,0.0,0.0,0.0,0.0,0.0,0.0,0.0,0.0
Maplewood Heights,2025,2,5,2537644.0,10722.0,2,3,0,0.0,5.0,B,92.0,1.0,4.0,0.0,14.0,6.0,0.0,0.0,7.0,17.0,0.0,18.0,6.0,0.0,11.0,8.0,0.0,0.0,0.0,0.0,0.0,0.0,0.0,0.0,0.0,0.0,0.0,19.0,9.0,17.0,30.0,17.0,4762.0,3683.0
Oakridge Villas,2025,2,1,866405.0,2471.0,1,0,0,8.0,-7.0,B,29.0,0.0,2.0,0.0,7.0,1.0,0.0,0.0,6.0,5.0,0.0,4.0,1.0,0.0,2.0,1.0,0.0,0.0,0.0,0.0,0.0,0.0,0.0,0.0,0.0,0.0,0.0,3.0,6.0,10.0,8.0,2.0,817.0,639.0
Willow Creek Meadows,2025,2,3,1219495.0,4951.0,2,1,0,2.0,1.0,B,72.0,0.0,3.0,0.0,10.0,7.0,1.0,0.0,6.0,14.0,0.0,11.0,5.0,0.0,7.0,8.0,0.0,0.0,0.0,0.0,0.0,0.0,0.0,0.0,0.0,0.0,0.0,16.0,14.0,16.0,16.0,10.0,3855.0,2893.0
,2025,2,0,0.0,0.0,0,0,0,1.0,-1.0,B,0.0,0.0,0.0,0.0,0.0,0.0,0.0,0.0,0.0,0.0,0.0,0.0,0.0,0.0,0.0,0.0,0.0,0.0,0.0,0.0,0.0,0.0,0.0,0.0,0.0,0.0,0.0,0.0,0.0,0.0,0.0,0.0,0.0,0.0
Fairview Estates,2025,3,7,3256727.0,14676.0,4,3,0,7.0,0.0,A,123.0,0.0,2.0,0.0,19.0,14.0,1.0,0.0,9.0,31.0,1.0,18.0,5.0,1.0,12.0,10.0,8.0,12.0,7.0,3.0,1.0,24.0,40.0,17.0,1.0,7.0,3.0,0.0,0.0,0.0,0.0,0.0,5705.0,4282.0
Glenview Meadows,2025,3,4,2199993.0,10351.0,0,3,1,2.0,2.0,A,40.0,0.0,2.0,0.0,1.0,2.0,0.0,1.0,3.0,8.0,1.0,15.0,2.0,0.0,4.0,1.0,2.0,3.0,3.0,1.0,0.0,8.0,12.0,5.0,1.0,5.0,0.0,0.0,0.0,0.0,0.0,0.0,1709.0,1350.0
Riverbend Townhomes,2025,3,1,373938.0,1601.0,0,1,0,4.0,-3.0,A,85.0,0.0,2.0,0.0,5.0,9.0,0.0,1.0,9.0,11.0,1.0,18.0,10.0,0.0,9.0,10.0,3.0,9.0,7.0,4.0,2.0,16.0,27.0,8.0,2.0,7.0,0.0,0.0,0.0,0.0,0.0,0.0,3647.0,2859.0
,2025,3,0,0.0,0.0,0,0,0,0.0,0.0,A,0.0,0.0,0.0,0.0,0.0,0.0,0.0,0.0,0.0,0.0,0.0,0.0,0.0,0.0,0.0,0.0,0.0,0.0,0.0,0.0,0.0,0.0,0.0,0.0,0.0,0.0,0.0,0.0,0.0,0.0,0.0,0.0,0.0,0.0
Maplewood Heights,2025,3,6,3093228.0,13705.0,1,4,1,0.0,6.0,B,123.0,0.0,3.0,0.0,19.0,14.0,1.0,0.0,9.0,31.0,0.0,18.0,5.0,0.0,13.0,10.0,0.0,0.0,0.0,0.0,0.0,0.0,0.0,0.0,0.0,0.0,0.0,22.0,17.0,24.0,43.0,17.0,5568.0,4178.0
Oakridge Villas,2025,3,1,644375.0,3323.0,1,0,0,8.0,-7.0,B,40.0,0.0,3.0,0.0,1.0,2.0,0.0,0.0,3.0,8.0,0.0,15.0,2.0,0.0,5.0,1.0,0.0,0.0,0.0,0.0,0.0,0.0,0.0,0.0,0.0,0.0,0.0,6.0,5.0,9.0,12.0,8.0,851.0,671.0
Sunset Pines,2025,3,2,1625104.0,5946.0,1,1,0,1.0,1.0,B,30.0,0.0,2.0,0.0,9.0,4.0,0.0,0.0,3.0,1.0,0.0,4.0,3.0,0.0,1.0,3.0,0.0,0.0,0.0,0.0,0.0,0.0,0.0,0.0,0.0,0.0,0.0,6.0,1.0,10.0,11.0,2.0,1277.0,1005.0
Willow Creek Meadows,2025,3,3,1215908.0,5205.0,1,2,0,2.0,1.0,B,85.0,0.0,3.0,0.0,5.0,9.0,0.0,1.0,9.0,11.0,0.0,18.0,10.0,0.0,9.0,10.0,0.0,0.0,0.0,0.0,0.0,0.0,0.0,0.0,0.0,0.0,0.0,15.0,8.0,17.0,30.0,15.0,4573.0,3546.0
Fairview Estates,2025,4,8,3411914.0,17472.0,4,3,1,8.0,0.0,A,115.0,1.0,0.0,0.0,15.0,5.0,1.0,0.0,10.0,25.0,2.0,20.0,10.0,0.0,16.0,10.0,12.0,11.0,7.0,6.0,1.0,23.0,27.0,15.0,4.0,6.0,3.0,0.0,0.0,0.0,0.0,0.0,5205.0,3902.0
Glenview Meadows,2025,4,1,584385.0,2551.0,0,1,0,2.0,-1.0,A,39.0,0.0,1.0,0.0,6.0,5.0,0.0,0.0,0.0,5.0,0.0,9.0,4.0,0.0,6.0,3.0,2.0,2.0,4.0,1.0,0.0,7.0,13.0,5.0,1.0,3.0,1.0,0.0,0.0,0.0,0.0,0.0,1584.0,1253.0
Riverbend Townhomes,2025,4,6,2124209.0,9531.0,5,0,1,5.0,1.0,A,79.0,0.0,1.0,0.0,10.0,10.0,0.0,0.0,3.0,14.0,1.0,21.0,5.0,1.0,7.0,6.0,4.0,4.0,2.0,6.0,0.0,10.0,27.0,16.0,3.0,4.0,3.0,0.0,0.0,0.0,0.0,0.0,3620.0,2809.0
,2025,4,0,0.0,0.0,0,0,0,2.0,-2.0,A,0.0,0.0,0.0,0.0,0.0,0.0,0.0,0.0,0.0,0.0,0.0,0.0,0.0,0.0,0.0,0.0,0.0,0.0,0.0,0.0,0.0,0.0,0.0,0.0,0.0,0.0,0.0,0.0,0.0,0.0,0.0,0.0,0.0,0.0
Maplewood Heights,2025,4,5,2283212.0,10828.0,2,3,0,0.0,5.0,B,115.0,1.0,2.0,0.0,15.0,5.0,1.0,0.0,10.0,25.0,0.0,20.0,10.0,0.0,16.0,10.0,0.0,0.0,0.0,0.0,0.0,0.0,0.0,0.0,0.0,0.0,0.0,29.0,15.0,23.0,30.0,18.0,5234.0,3912.0
Sunset Pines,2025,4,2,1697224.0,5669.0,1,1,0,1.0,1.0,B,16.0,0.0,0.0,0.0,0.0,1.0,0.0,0.0,3.0,4.0,0.0,2.0,3.0,0.0,2.0,1.0,0.0,0.0,0.0,0.0,0.0,0.0,0.0,0.0,0.0,0.0,0.0,2.0,4.0,2.0,5.0,3.0,1283.0,949.0
Willow Creek Meadows,2025,4,1,391423.0,1491.0,1,0,0,2.0,-1.0,B,79.0,0.0,2.0,0.0,10.0,10.0,0.0,0.0,3.0,14.0,0.0,21.0,5.0,1.0,7.0,6.0,0.0,0.0,0.0,0.0,0.0,0.0,0.0,0.0,0.0,0.0,0.0,14.0,15.0,11.0,28.0,11.0,4587.0,3565.0
,2025,4,0,0.0,0.0,0,0,0,7.0,-7.0,B,0.0,0.0,0.0,0.0,0.0,0.0,0.0,0.0,0.0,0.0,0.0,0.0,0.0,0.0,0.0,0.0,0.0,0.0,0.0,0.0,0.0,0.0,0.0,0.0,0.0,0.0,0.0,0.0,0.0,0.0,0.0,0.0,0.0,0.0
Fairview Estates,2025,5,11,4874332.0,24175.0,6,5,0,8.0,3.0,A,113.0,0.0,2.0,0.0,7.0,7.0,0.0,1.0,10.0,24.0,3.0,25.0,13.0,0.0,10.0,11.0,5.0,9.0,11.0,5.0,1.0,20.0,36.0,17.0,1.0,6.0,2.0,0.0,0.0,0.0,0.0,0.0,5542.0,4268.0
Glenview Meadows,2025,5,1,467766.0,2305.0,1,0,0,2.0,-1.0,A,41.0,0.0,0.0,0.0,6.0,1.0,0.0,0.0,5.0,8.0,2.0,9.0,4.0,0.0,5.0,1.0,0.0,8.0,3.0,1.0,2.0,10.0,11.0,5.0,0.0,1.0,0.0,0.0,0.0,0.0,0.0,0.0,1568.0,1237.0
Riverbend Townhomes,2025,5,4,1441755.0,6871.0,2,2,0,5.0,-1.0,A,72.0,1.0,2.0,0.0,6.0,5.0,1.0,0.0,7.0,16.0,1.0,14.0,6.0,0.0,7.0,6.0,4.0,6.0,1.0,0.0,1.0,14.0,28.0,11.0,2.0,4.0,1.0,0.0,0.0,0.0,0.0,0.0,3417.0,2660.0
,2025,5,0,0.0,0.0,0,0,0,1.0,-1.0,A,0.0,0.0,0.0,0.0,0.0,0.0,0.0,0.0,0.0,0.0,0.0,0.0,0.0,0.0,0.0,0.0,0.0,0.0,0.0,0.0,0.0,0.0,0.0,0.0,0.0,0.0,0.0,0.0,0.0,0.0,0.0,0.0,0.0,0.0
Maplewood Heights,2025,5,4,2028782.0,8880.0,1,2,1,0.0,4.0,B,113.0,0.0,5.0,0.0,7.0,7.0,0.0,1.0,10.0,24.0,0.0,25.0,13.0,0.0,10.0,11.0,0.0,0.0,0.0,0.0,0.0,0.0,0.0,0.0,0.0,0.0,0.0,20.0,17.0,22.0,36.0,18.0,5224.0,4067.0
Oakridge Villas,2025,5,2,1391197.0,5115.0,0,2,0,7.0,-5.0,B,41.0,0.0,2.0,0.0,6.0,1.0,0.0,0.0,5.0,8.0,0.0,9.0,4.0,0.0,5.0,1.0,0.0,0.0,0.0,0.0,0.0,0.0,0.0,0.0,0.0,0.0,0.0,9.0,5.0,11.0,11.0,5.0,828.0,654.0
Sunset Pines,2025,5,2,1581462.0,5931.0,0,2,0,1.0,1.0,B,20.0,0.0,2.0,0.0,2.0,0.0,0.0,0.0,0.0,5.0,0.0,8.0,1.0,0.0,1.0,1.0,0.0,0.0,0.0,0.0,0.0,0.0,0.0,0.0,0.0,0.0,0.0,2.0,3.0,5.0,6.0,4.0,1495.0,1155.0
Willow Creek Meadows,2025,5,6,2431508.0,10568.0,3,2,1,3.0,3.0,B,72.0,0.0,3.0,0.0,6.0,5.0,1.0,0.0,7.0,16.0,0.0,14.0,6.0,0.0,8.0,6.0,0.0,0.0,0.0,0.0,0.0,0.0,0.0,0.0,0.0,0.0,0.0,10.0,11.0,14.0,29.0,8.0,4107.0,3226.0
Cedar Creek,2025,6,2,911279.0,3916.0,2,0,0,1.0,1.0,A,15.0,0.0,0.0,1.0,0.0,3.0,0.0,0.0,3.0,2.0,0.0,4.0,0.0,0.0,0.0,2.0,0.0,1.0,1.0,0.0,0.0,4.0,2.0,5.0,0.0,1.0,1.0,0.0,0.0,0.0,0.0,0.0,935.0,728.0
Fairview Estates,2025,6,8,3408065.0,18245.0,4,3,1,8.0,0.0,A,138.0,0.0,3.0,0.0,21.0,12.0,0.0,0.0,13.0,25.0,5.0,27.0,8.0,0.0,17.0,7.0,12.0,16.0,6.0,6.0,0.0,29.0,34.0,19.0,4.0,8.0,4.0,0.0,0.0,0.0,0.0,0.0,5163.0,4191.0
Glenview Meadows,2025,6,3,1504631.0,8038.0,2,1,0,3.0,0.0,A,30.0,0.0,0.0,0.0,2.0,3.0,0.0,0.0,0.0,9.0,1.0,6.0,1.0,0.0,3.0,5.0,5.0,1.0,0.0,0.0,0.0,6.0,6.0,10.0,0.0,2.0,0.0,0.0,0.0,0.0,0.0,0.0,1556.0,1218.0
Riverbend Townhomes,2025,6,6,1890372.0,9089.0,4,2,0,5.0,1.0,A,76.0,0.0,1.0,0.0,6.0,7.0,0.0,1.0,8.0,15.0,3.0,18.0,7.0,1.0,5.0,4.0,5.0,6.0,4.0,3.0,1.0,14.0,27.0,12.0,2.0,2.0,0.0,0.0,0.0,0.0,0.0,0.0,3433.0,2802.0
Maplewood Heights,2025,6,6,3115656.0,13002.0,3,3,0,0.0,6.0,B,138.0,0.0,8.0,0.0,21.0,12.0,0.0,0.0,13.0,25.0,0.0,27.0,8.0,0.0,17.0,7.0,0.0,0.0,0.0,0.0,0.0,0.0,0.0,0.0,0.0,0.0,0.0,35.0,19.0,30.0,37.0,17.0,5337.0,4174.0
Oakridge Villas,2025,6,1,685543.0,2156.0,0,0,1,7.0,-6.0,B,30.0,0.0,1.0,0.0,2.0,3.0,0.0,0.0,0.0,9.0,0.0,6.0,1.0,0.0,3.0,5.0,0.0,0.0,0.0,0.0,0.0,0.0,0.0,0.0,0.0,0.0,0.0,2.0,9.0,7.0,6.0,6.0,821.0,659.0
Sunset Pines,2025,6,2,1484906.0,5691.0,0,2,0,1.0,1.0,B,15.0,0.0,0.0,1.0,0.0,3.0,0.0,0.0,3.0,2.0,0.0,4.0,0.0,0.0,0.0,2.0,0.0,0.0,0.0,0.0,0.0,0.0,0.0,0.0,0.0,0.0,0.0,2.0,5.0,4.0,3.0,1.0,1317.0,1072.0
Willow Creek Meadows,2025,6,5,2052499.0,8363.0,5,0,0,3.0,2.0,B,76.0,0.0,4.0,0.0,6.0,7.0,0.0,1.0,8.0,15.0,0.0,18.0,7.0,1.0,5.0,4.0,0.0,0.0,0.0,0.0,0.0,0.0,0.0,0.0,0.0,0.0,0.0,12.0,12.0,15.0,27.0,10.0,4211.0,3326.0
Fairview Estates,2025,7,9,3713008.0,17478.0,5,3,1,8.0,1.0,A,123.0,0.0,1.0,0.0,12.0,11.0,0.0,0.0,7.0,20.0,0.0,36.0,11.0,0.0,15.0,10.0,6.0,8.0,8.0,3.0,0.0,20.0,47.0,23.0,2.0,4.0,2.0,0.0,0.0,0.0,0.0,0.0,5499.0,4245.0
Glenview Meadows,2025,7,1,550617.0,2899.0,0,0,1,3.0,-2.0,A,45.0,0.0,0.0,0.0,2.0,4.0,0.0,0.0,2.0,11.0,1.0,7.0,6.0,3.0,6.0,3.0,2.0,4.0,3.0,2.0,0.0,13.0,7.0,8.0,1.0,3.0,2.0,0.0,0.0,0.0,0.0,0.0,1755.0,1378.0
Riverbend Townhomes,2025,7,6,2096599.0,9576.0,5,1,0,5.0,1.0,A,77.0,0.0,4.0,0.0,7.0,4.0,0.0,1.0,8.0,13.0,2.0,21.0,9.0,0.0,4.0,4.0,3.0,5.0,2.0,2.0,3.0,17.0,28.0,9.0,5.0,2.0,1.0,0.0,0.0,0.0,0.0,0.0,3701.0,2857.0
,2025,7,0,0.0,0.0,0,0,0,1.0,-1.0,A,0.0,0.0,0.0,0.0,0.0,0.0,0.0,0.0,0.0,0.0,0.0,0.0,0.0,0.0,0.0,0.0,0.0,0.0,0.0,0.0,0.0,0.0,0.0,0.0,0.0,0.0,0.0,0.0,0.0,0.0,0.0,0.0,0.0,0.0
Maplewood Heights,2025,7,7,3548088.0,14408.0,4,3,0,5.0,2.0,B,123.0,0.0,1.0,0.0,12.0,11.0,0.0,0.0,7.0,20.0,0.0,36.0,11.0,0.0,15.0,10.0,0.0,0.0,0.0,0.0,0.0,0.0,0.0,0.0,0.0,0.0,0.0,19.0,23.0,21.0,48.0,12.0,5470.0,4287.0
Oakridge Villas,2025,7,3,2195956.0,7013.0,2,0,1,5.0,-2.0,B,45.0,0.0,1.0,0.0,2.0,4.0,0.0,0.0,2.0,11.0,0.0,7.0,6.0,2.0,7.0,3.0,0.0,0.0,0.0,0.0,0.0,0.0,0.0,0.0,0.0,0.0,0.0,10.0,8.0,13.0,9.0,5.0,865.0,683.0
Sunset Pines,2025,7,1,862971.0,3231.0,1,0,0,2.0,-1.0,B,17.0,0.0,0.0,0.0,3.0,1.0,0.0,0.0,0.0,3.0,0.0,4.0,3.0,0.0,2.0,1.0,0.0,0.0,0.0,0.0,0.0,0.0,0.0,0.0,0.0,0.0,0.0,5.0,7.0,3.0,0.0,2.0,1543.0,1230.0
Willow Creek Meadows,2025,7,3,1191178.0,4906.0,0,2,1,3.0,0.0,B,77.0,0.0,6.0,0.0,7.0,4.0,0.0,1.0,8.0,13.0,0.0,21.0,9.0,0.0,4.0,4.0,0.0,0.0,0.0,0.0,0.0,0.0,0.0,0.0,0.0,0.0,0.0,10.0,9.0,18.0,28.0,12.0,4474.0,3426.0
Cedar Creek,2025,8,1,394898.0,1720.0,0,1,0,0.0,1.0,A,19.0,0.0,1.0,0.0,4.0,1.0,0.0,0.0,0.0,4.0,0.0,4.0,4.0,0.0,1.0,0.0,1.0,2.0,0.0,0.0,0.0,4.0,4.0,4.0,2.0,2.0,0.0,0.0,0.0,0.0,0.0,0.0,950.0,767.0
Fairview Estates,2025,8,5,1962965.0,12001.0,3,1,1,8.0,-3.0,A,120.0,0.0,1.0,0.0,16.0,10.0,0.0,1.0,7.0,22.0,2.0,27.0,8.0,0.0,15.0,11.0,7.0,16.0,9.0,1.0,2.0,27.0,32.0,22.0,0.0,3.0,1.0,0.0,0.0,0.0,0.0,0.0,5594.0,4387.0
Glenview Meadows,2025,8,3,1482087.0,8315.0,2,0,1,3.0,0.0,A,21.0,0.0,1.0,0.0,1.0,3.0,0.0,0.0,4.0,5.0,0.0,3.0,2.0,0.0,1.0,1.0,1.0,3.0,0.0,0.0,0.0,5.0,9.0,3.0,0.0,0.0,0.0,0.0,0.0,0.0,0.0,0.0,1645.0,1294.0
Riverbend Townhomes,2025,8,2,679606.0,3707.0,0,2,0,6.0,-4.0,A,79.0,0.0,1.0,0.0,9.0,4.0,0.0,0.0,4.0,12.0,1.0,28.0,6.0,0.0,7.0,7.0,6.0,4.0,5.0,3.0,1.0,18.0,21.0,13.0,0.0,5.0,3.0,0.0,0.0,0.0,0.0,0.0,3664.0,2847.0
Maplewood Heights,2025,8,3,1485648.0,6963.0,1,2,0,6.0,-3.0,B,120.0,0.0,3.0,0.0,16.0,10.0,0.0,1.0,7.0,22.0,0.0,27.0,8.0,0.0,15.0,11.0,0.0,0.0,0.0,0.0,0.0,0.0,0.0,0.0,0.0,0.0,0.0,22.0,20.0,30.0,32.0,16.0,5679.0,4428.0
Oakridge Villas,2025,8,2,1711271.0,4966.0,0,2,0,5.0,-3.0,B,21.0,0.0,1.0,0.0,1.0,3.0,0.0,0.0,4.0,5.0,0.0,3.0,2.0,0.0,1.0,1.0,0.0,0.0,0.0,0.0,0.0,0.0,0.0,0.0,0.0,0.0,0.0,4.0,3.0,6.0,8.0,0.0,815.0,637.0
Sunset Pines,2025,8,3,2496551.0,8468.0,0,2,1,1.0,2.0,B,19.0,0.0,1.0,0.0,4.0,1.0,0.0,0.0,0.0,4.0,0.0,4.0,4.0,0.0,1.0,0.0,0.0,0.0,0.0,0.0,0.0,0.0,0.0,0.0,0.0,0.0,0.0,2.0,3.0,5.0,5.0,4.0,1382.0,1097.0
Willow Creek Meadows,2025,8,6,1799841.0,10061.0,5,0,1,5.0,1.0,B,79.0,0.0,2.0,0.0,9.0,4.0,0.0,0.0,4.0,12.0,0.0,28.0,6.0,0.0,7.0,7.0,0.0,0.0,0.0,0.0,0.0,0.0,0.0,0.0,0.0,0.0,0.0,14.0,13.0,19.0,21.0,12.0,4542.0,3562.0
Cedar Creek,2025,9,2,764012.0,3910.0,2,0,0,1.0,1.0,A,18.0,0.0,0.0,1.0,2.0,1.0,0.0,0.0,2.0,5.0,0.0,2.0,2.0,0.0,2.0,1.0,2.0,1.0,1.0,0.0,0.0,5.0,5.0,3.0,1.0,0.0,0.0,0.0,0.0,0.0,0.0,0.0,1025.0,770.0
Fairview Estates,2025,9,2,756760.0,4199.0,2,0,0,7.0,-5.0,A,112.0,0.0,3.0,0.0,17.0,9.0,0.0,0.0,9.0,19.0,3.0,25.0,6.0,1.0,11.0,9.0,10.0,17.0,6.0,1.0,0.0,13.0,36.0,17.0,3.0,6.0,3.0,0.0,0.0,0.0,0.0,0.0,5403.0,4358.0
Riverbend Townhomes,2025,9,5,1790557.0,8405.0,2,2,1,5.0,0.0,A,78.0,0.0,2.0,0.0,3.0,4.0,0.0,1.0,13.0,13.0,3.0,14.0,6.0,0.0,13.0,6.0,8.0,8.0,6.0,0.0,1.0,11.0,27.0,12.0,1.0,3.0,1.0,0.0,0.0,0.0,0.0,0.0,3415.0,2726.0
,2025,9,0,0.0,0.0,0,0,0,1.0,-1.0,A,0.0,0.0,0.0,0.0,0.0,0.0,0.0,0.0,0.0,0.0,0.0,0.0,0.0,0.0,0.0,0.0,0.0,0.0,0.0,0.0,0.0,0.0,0.0,0.0,0.0,0.0,0.0,0.0,0.0,0.0,0.0,0.0,0.0,0.0
Maplewood Heights,2025,9,6,2620273.0,13823.0,4,2,0,3.0,3.0,B,205.0,0.0,6.0,0.0,17.0,9.0,0.0,0.0,102.0,19.0,0.0,25.0,6.0,1.0,11.0,9.0,0.0,0.0,0.0,0.0,0.0,0.0,93.0,0.0,0.0,0.0,0.0,25.0,16.0,15.0,39.0,17.0,5354.0,4215.0
Willow Creek Meadows,2025,9,4,1637718.0,6463.0,1,3,0,5.0,-1.0,B,173.0,0.0,5.0,0.0,3.0,4.0,0.0,1.0,108.0,13.0,0.0,14.0,6.0,0.0,13.0,6.0,0.0,0.0,0.0,0.0,0.0,0.0,95.0,0.0,0.0,0.0,0.0,12.0,11.0,13.0,27.0,15.0,4225.0,3328.0
,2025,9,0,0.0,0.0,0,0,0,3.0,-3.0,B,0.0,0.0,0.0,0.0,0.0,0.0,0.0,0.0,0.0,0.0,0.0,0.0,0.0,0.0,0.0,0.0,0.0,0.0,0.0,0.0,0.0,0.0,0.0,0.0,0.0,0.0,0.0,0.0,0.0,0.0,0.0,0.0,0.0,0.0
,2025,9,0,0.0,0.0,0,0,0,3.0,-3.0,B,0.0,0.0,0.0,0.0,0.0,0.0,0.0,0.0,0.0,0.0,0.0,0.0,0.0,0.0,0.0,0.0,0.0,0.0,0.0,0.0,0.0,0.0,0.0,0.0,0.0,0.0,0.0,0.0,0.0,0.0,0.0,0.0,0.0,0.0
Fairview Estates,2025,10,10,4377660.0,21388.0,5,4,1,7.0,3.0,A,147.0,0.0,1.0,0.0,20.0,12.0,1.0,0.0,18.0,15.0,4.0,26.0,17.0,0.0,21.0,12.0,11.0,24.0,6.0,6.0,1.0,23.0,50.0,15.0,3.0,6.0,2.0,0.0,0.0,0.0,0.0,0.0,5324.0,4051.0
Glenview Meadows,2025,10,2,966900.0,3863.0,0,1,1,2.0,0.0,A,30.0,0.0,0.0,1.0,2.0,7.0,0.0,0.0,1.0,4.0,0.0,5.0,3.0,0.0,3.0,4.0,5.0,2.0,1.0,2.0,0.0,6.0,6.0,5.0,1.0,1.0,1.0,0.0,0.0,0.0,0.0,0.0,1696.0,1343.0
Riverbend Townhomes,2025,10,10,3533094.0,14909.0,7,3,0,4.0,6.0,A,76.0,0.0,1.0,1.0,4.0,7.0,0.0,0.0,8.0,10.0,2.0,22.0,5.0,0.0,9.0,7.0,9.0,8.0,7.0,2.0,1.0,14.0,21.0,3.0,5.0,5.0,1.0,0.0,0.0,0.0,0.0,0.0,3668.0,2823.0
,2025,10,0,0.0,0.0,0,0,0,1.0,-1.0,A,0.0,0.0,0.0,0.0,0.0,0.0,0.0,0.0,0.0,0.0,0.0,0.0,0.0,0.0,0.0,0.0,0.0,0.0,0.0,0.0,0.0,0.0,0.0,0.0,0.0,0.0,0.0,0.0,0.0,0.0,0.0,0.0,0.0,0.0
Maplewood Heights,2025,10,5,2367486.0,11239.0,5,0,0,2.0,3.0,B,147.0,0.0,5.0,0.0,20.0,12.0,0.0,0.0,18.0,15.0,0.0,26.0,17.0,0.0,22.0,12.0,0.0,0.0,0.0,0.0,0.0,0.0,0.0,0.0,0.0,0.0,0.0,39.0,14.0,26.0,50.0,18.0,5647.0,4477.0
Willow Creek Meadows,2025,10,8,3322607.0,12555.0,3,4,1,3.0,5.0,B,76.0,0.0,3.0,1.0,4.0,7.0,0.0,0.0,8.0,10.0,0.0,22.0,5.0,0.0,9.0,7.0,0.0,0.0,0.0,0.0,0.0,0.0,0.0,0.0,0.0,0.0,0.0,16.0,3.0,15.0,21.0,21.0,4687.0,3636.0
,2025,10,0,0.0,0.0,0,0,0,2.0,-2.0,B,0.0,0.0,0.0,0.0,0.0,0.0,0.0,0.0,0.0,0.0,0.0,0.0,0.0,0.0,0.0,0.0,0.0,0.0,0.0,0.0,0.0,0.0,0.0,0.0,0.0,0.0,0.0,0.0,0.0,0.0,0.0,0.0,0.0,0.0
,2025,10,0,0.0,0.0,0,0,0,2.0,-2.0,B,0.0,0.0,0.0,0.0,0.0,0.0,0.0,0.0,0.0,0.0,0.0,0.0,0.0,0.0,0.0,0.0,0.0,0.0,0.0,0.0,0.0,0.0,0.0,0.0,0.0,0.0,0.0,0.0,0.0,0.0,0.0,0.0,0.0,0.0
Cedar Creek,2025,11,2,687947.0,3293.0,2,0,0,2.0,0.0,A,17.0,0.0,0.0,0.0,1.0,0.0,0.0,0.0,1.0,4.0,0.0,3.0,2.0,0.0,2.0,4.0,1.0,2.0,0.0,1.0,0.0,2.0,5.0,2.0,1.0,2.0,1.0,0.0,0.0,0.0,0.0,0.0,897.0,712.0
Fairview Estates,2025,11,6,2611790.0,12771.0,2,4,0,6.0,0.0,A,121.0,0.0,1.0,0.0,17.0,8.0,0.0,2.0,11.0,25.0,3.0,26.0,10.0,0.0,12.0,6.0,10.0,12.0,5.0,3.0,1.0,22.0,36.0,19.0,2.0,11.0,0.0,0.0,0.0,0.0,0.0,0.0,5378.0,4131.0
Glenview Meadows,2025,11,4,1976638.0,10320.0,2,2,0,2.0,2.0,A,39.0,0.0,2.0,0.0,6.0,6.0,1.0,0.0,2.0,7.0,0.0,8.0,2.0,0.0,3.0,2.0,1.0,6.0,3.0,2.0,0.0,7.0,12.0,2.0,2.0,2.0,2.0,0.0,0.0,0.0,0.0,0.0,1682.0,1302.0
Riverbend Townhomes,2025,11,6,2148945.0,10101.0,3,3,0,5.0,1.0,A,76.0,0.0,0.0,0.0,9.0,4.0,0.0,0.0,3.0,12.0,1.0,24.0,8.0,0.0,10.0,5.0,3.0,10.0,1.0,2.0,1.0,22.0,18.0,12.0,3.0,1.0,3.0,0.0,0.0,0.0,0.0,0.0,3434.0,2666.0
Maplewood Heights,2025,11,7,3560414.0,15215.0,2,5,0,2.0,5.0,B,121.0,0.0,4.0,0.0,17.0,8.0,0.0,2.0,11.0,25.0,0.0,26.0,10.0,0.0,12.0,6.0,0.0,0.0,0.0,0.0,0.0,0.0,0.0,0.0,0.0,0.0,0.0,21.0,19.0,24.0,38.0,19.0,5276.0,4122.0
Oakridge Villas,2025,11,1,662220.0,2231.0,0,1,0,2.0,-1.0,B,39.0,0.0,2.0,0.0,6.0,6.0,1.0,0.0,2.0,7.0,0.0,8.0,2.0,0.0,3.0,2.0,0.0,0.0,0.0,0.0,0.0,0.0,0.0,0.0,0.0,0.0,0.0,10.0,2.0,7.0,13.0,7.0,839.0,652.0
Sunset Pines,2025,11,1,862884.0,2981.0,0,0,1,1.0,0.0,B,17.0,0.0,0.0,0.0,1.0,0.0,0.0,0.0,1.0,4.0,0.0,3.0,2.0,0.0,2.0,4.0,0.0,0.0,0.0,0.0,0.0,0.0,0.0,0.0,0.0,0.0,0.0,4.0,1.0,3.0,6.0,3.0,1194.0,944.0
Willow Creek Meadows,2025,11,3,10774511.0,4713.0,2,1,0,3.0,0.0,B,76.0,0.0,1.0,0.0,9.0,4.0,0.0,0.0,3.0,12.0,0.0,24.0,8.0,0.0,10.0,5.0,0.0,0.0,0.0,0.0,0.0,0.0,0.0,0.0,0.0,0.0,0.0,16.0,11.0,24.0,18.0,7.0,4093.0,3186.0
Cedar Creek,2025,12,3,1225248.0,5208.0,2,1,0,1.0,2.0,A,15.0,0.0,1.0,0.0,3.0,3.0,0.0,0.0,2.0,5.0,0.0,1.0,0.0,0.0,0.0,0.0,1.0,2.0,0.0,0.0,0.0,4.0,4.0,3.0,0.0,1.0,0.0,0.0,0.0,0.0,0.0,0.0,945.0,749.0
Fairview Estates,2025,12,5,2166075.0,11022.0,2,1,2,6.0,-1.0,A,104.0,0.0,4.0,1.0,11.0,4.0,0.0,0.0,9.0,20.0,3.0,19.0,11.0,1.0,15.0,6.0,8.0,5.0,3.0,3.0,2.0,18.0,39.0,13.0,1.0,12.0,0.0,0.0,0.0,0.0,0.0,0.0,5295.0,4046.0
Glenview Meadows,2025,12,2,1059001.0,5573.0,1,1,0,2.0,0.0,A,28.0,0.0,0.0,0.0,5.0,0.0,0.0,0.0,3.0,7.0,1.0,6.0,3.0,0.0,0.0,3.0,2.0,4.0,2.0,1.0,0.0,6.0,6.0,2.0,2.0,3.0,0.0,0.0,0.0,0.0,0.0,0.0,1794.0,1404.0
Riverbend Townhomes,2025,12,5,1684979.0,8588.0,2,3,0,4.0,1.0,A,74.0,0.0,1.0,0.0,10.0,8.0,0.0,0.0,4.0,8.0,4.0,23.0,5.0,0.0,7.0,4.0,5.0,6.0,5.0,2.0,0.0,11.0,22.0,14.0,4.0,4.0,1.0,0.0,0.0,0.0,0.0,0.0,3143.0,2448.0
Maplewood Heights,2025,12,8,4222343.0,40604.0,7,1,0,2.0,6.0,B,104.0,0.0,7.0,1.0,11.0,4.0,0.0,0.0,9.0,20.0,0.0,19.0,11.0,1.0,15.0,6.0,0.0,0.0,0.0,0.0,0.0,0.0,0.0,0.0,0.0,0.0,0.0,13.0,11.0,25.0,42.0,13.0,5234.0,3961.0
Oakridge Villas,2025,12,2,1589624.0,4898.0,2,0,0,2.0,0.0,B,28.0,0.0,1.0,0.0,5.0,0.0,0.0,0.0,3.0,7.0,0.0,6.0,3.0,0.0,0.0,3.0,0.0,0.0,0.0,0.0,0.0,0.0,0.0,0.0,0.0,0.0,0.0,7.0,2.0,6.0,8.0,5.0,871.0,682.0
Sunset Pines,2025,12,2,1663324.0,5321.0,1,0,1,1.0,1.0,B,15.0,0.0,1.0,0.0,3.0,3.0,0.0,0.0,2.0,5.0,0.0,1.0,0.0,0.0,0.0,0.0,0.0,0.0,0.0,0.0,0.0,0.0,0.0,0.0,0.0,0.0,0.0,2.0,2.0,5.0,5.0,1.0,1301.0,1006.0
Willow Creek Meadows,2025,12,4,1528248.0,6851.0,2,2,0,2.0,2.0,B,74.0,0.0,5.0,0.0,10.0,8.0,0.0,0.0,4.0,8.0,0.0,23.0,5.0,0.0,7.0,4.0,0.0,0.0,0.0,0.0,0.0,0.0,0.0,0.0,0.0,0.0,0.0,12.0,13.0,12.0,24.0,13.0,4183.0,3234.0
,2026,1,0,0.0,0.0,0,0,0,7.0,-7.0,A,0.0,0.0,0.0,0.0,0.0,0.0,0.0,0.0,0.0,0.0,0.0,0.0,0.0,0.0,0.0,0.0,0.0,0.0,0.0,0.0,0.0,0.0,0.0,0.0,0.0,0.0,0.0,0.0,0.0,0.0,0.0,0.0,0.0,0.0
,2026,1,0,0.0,0.0,0,0,0,5.0,-5.0,A,0.0,0.0,0.0,0.0,0.0,0.0,0.0,0.0,0.0,0.0,0.0,0.0,0.0,0.0,0.0,0.0,0.0,0.0,0.0,0.0,0.0,0.0,0.0,0.0,0.0,0.0,0.0,0.0,0.0,0.0,0.0,0.0,0.0,0.0
,2026,1,0,0.0,0.0,0,0,0,2.0,-2.0,A,0.0,0.0,0.0,0.0,0.0,0.0,0.0,0.0,0.0,0.0,0.0,0.0,0.0,0.0,0.0,0.0,0.0,0.0,0.0,0.0,0.0,0.0,0.0,0.0,0.0,0.0,0.0,0.0,0.0,0.0,0.0,0.0,0.0,0.0
,2026,1,0,0.0,0.0,0,0,0,0.0,0.0,A,0.0,0.0,0.0,0.0,0.0,0.0,0.0,0.0,0.0,0.0,0.0,0.0,0.0,0.0,0.0,0.0,0.0,0.0,0.0,0.0,0.0,0.0,0.0,0.0,0.0,0.0,0.0,0.0,0.0,0.0,0.0,0.0,0.0,0.0
,2026,1,0,0.0,0.0,0,0,0,5.0,-5.0,B,0.0,0.0,0.0,0.0,0.0,0.0,0.0,0.0,0.0,0.0,0.0,0.0,0.0,0.0,0.0,0.0,0.0,0.0,0.0,0.0,0.0,0.0,0.0,0.0,0.0,0.0,0.0,0.0,0.0,0.0,0.0,0.0,0.0,0.0
,2026,1,0,0.0,0.0,0,0,0,5.0,-5.0,B,0.0,0.0,0.0,0.0,0.0,0.0,0.0,0.0,0.0,0.0,0.0,0.0,0.0,0.0,0.0,0.0,0.0,0.0,0.0,0.0,0.0,0.0,0.0,0.0,0.0,0.0,0.0,0.0,0.0,0.0,0.0,0.0,0.0,0.0
,2026,1,0,0.0,0.0,0,0,0,0.0,0.0,B,0.0,0.0,0.0,0.0,0.0,0.0,0.0,0.0,0.0,0.0,0.0,0.0,0.0,0.0,0.0,0.0,0.0,0.0,0.0,0.0,0.0,0.0,0.0,0.0,0.0,0.0,0.0,0.0,0.0,0.0,0.0,0.0,0.0,0.0
,2026,1,0,0.0,0.0,0,0,0,1.0,-1.0,B,0.0,0.0,0.0,0.0,0.0,0.0,0.0,0.0,0.0,0.0,0.0,0.0,0.0,0.0,0.0,0.0,0.0,0.0,0.0,0.0,0.0,0.0,0.0,0.0,0.0,0.0,0.0,0.0,0.0,0.0,0.0,0.0,0.0,0.0
,2026,2,0,0.0,0.0,0,0,0,6.0,-6.0,A,0.0,0.0,0.0,0.0,0.0,0.0,0.0,0.0,0.0,0.0,0.0,0.0,0.0,0.0,0.0,0.0,0.0,0.0,0.0,0.0,0.0,0.0,0.0,0.0,0.0,0.0,0.0,0.0,0.0,0.0,0.0,0.0,0.0,0.0
,2026,2,0,0.0,0.0,0,0,0,4.0,-4.0,A,0.0,0.0,0.0,0.0,0.0,0.0,0.0,0.0,0.0,0.0,0.0,0.0,0.0,0.0,0.0,0.0,0.0,0.0,0.0,0.0,0.0,0.0,0.0,0.0,0.0,0.0,0.0,0.0,0.0,0.0,0.0,0.0,0.0,0.0
,2026,2,0,0.0,0.0,0,0,0,2.0,-2.0,A,0.0,0.0,0.0,0.0,0.0,0.0,0.0,0.0,0.0,0.0,0.0,0.0,0.0,0.0,0.0,0.0,0.0,0.0,0.0,0.0,0.0,0.0,0.0,0.0,0.0,0.0,0.0,0.0,0.0,0.0,0.0,0.0,0.0,0.0
,2026,2,0,0.0,0.0,0,0,0,1.0,-1.0,A,0.0,0.0,0.0,0.0,0.0,0.0,0.0,0.0,0.0,0.0,0.0,0.0,0.0,0.0,0.0,0.0,0.0,0.0,0.0,0.0,0.0,0.0,0.0,0.0,0.0,0.0,0.0,0.0,0.0,0.0,0.0,0.0,0.0,0.0
,2026,2,0,0.0,0.0,0,0,0,5.0,-5.0,B,0.0,0.0,0.0,0.0,0.0,0.0,0.0,0.0,0.0,0.0,0.0,0.0,0.0,0.0,0.0,0.0,0.0,0.0,0.0,0.0,0.0,0.0,0.0,0.0,0.0,0.0,0.0,0.0,0.0,0.0,0.0,0.0,0.0,0.0
,2026,2,0,0.0,0.0,0,0,0,5.0,-5.0,B,0.0,0.0,0.0,0.0,0.0,0.0,0.0,0.0,0.0,0.0,0.0,0.0,0.0,0.0,0.0,0.0,0.0,0.0,0.0,0.0,0.0,0.0,0.0,0.0,0.0,0.0,0.0,0.0,0.0,0.0,0.0,0.0,0.0,0.0
,2026,2,0,0.0,0.0,0,0,0,0.0,0.0,B,0.0,0.0,0.0,0.0,0.0,0.0,0.0,0.0,0.0,0.0,0.0,0.0,0.0,0.0,0.0,0.0,0.0,0.0,0.0,0.0,0.0,0.0,0.0,0.0,0.0,0.0,0.0,0.0,0.0,0.0,0.0,0.0,0.0,0.0
,2026,2,0,0.0,0.0,0,0,0,1.0,-1.0,B,0.0,0.0,0.0,0.0,0.0,0.0,0.0,0.0,0.0,0.0,0.0,0.0,0.0,0.0,0.0,0.0,0.0,0.0,0.0,0.0,0.0,0.0,0.0,0.0,0.0,0.0,0.0,0.0,0.0,0.0,0.0,0.0,0.0,0.0
,2026,3,0,0.0,0.0,0,0,0,6.0,-6.0,A,0.0,0.0,0.0,0.0,0.0,0.0,0.0,0.0,0.0,0.0,0.0,0.0,0.0,0.0,0.0,0.0,0.0,0.0,0.0,0.0,0.0,0.0,0.0,0.0,0.0,0.0,0.0,0.0,0.0,0.0,0.0,0.0,0.0,0.0
,2026,3,0,0.0,0.0,0,0,0,4.0,-4.0,A,0.0,0.0,0.0,0.0,0.0,0.0,0.0,0.0,0.0,0.0,0.0,0.0,0.0,0.0,0.0,0.0,0.0,0.0,0.0,0.0,0.0,0.0,0.0,0.0,0.0,0.0,0.0,0.0,0.0,0.0,0.0,0.0,0.0,0.0
,2026,3,0,0.0,0.0,0,0,0,1.0,-1.0,A,0.0,0.0,0.0,0.0,0.0,0.0,0.0,0.0,0.0,0.0,0.0,0.0,0.0,0.0,0.0,0.0,0.0,0.0,0.0,0.0,0.0,0.0,0.0,0.0,0.0,0.0,0.0,0.0,0.0,0.0,0.0,0.0,0.0,0.0
,2026,3,0,0.0,0.0,0,0,0,2.0,-2.0,A,0.0,0.0,0.0,0.0,0.0,0.0,0.0,0.0,0.0,0.0,0.0,0.0,0.0,0.0,0.0,0.0,0.0,0.0,0.0,0.0,0.0,0.0,0.0,0.0,0.0,0.0,0.0,0.0,0.0,0.0,0.0,0.0,0.0,0.0
,2026,3,0,0.0,0.0,0,0,0,5.0,-5.0,B,0.0,0.0,0.0,0.0,0.0,0.0,0.0,0.0,0.0,0.0,0.0,0.0,0.0,0.0,0.0,0.0,0.0,0.0,0.0,0.0,0.0,0.0,0.0,0.0,0.0,0.0,0.0,0.0,0.0,0.0,0.0,0.0,0.0,0.0
,2026,3,0,0.0,0.0,0,0,0,5.0,-5.0,B,0.0,0.0,0.0,0.0,0.0,0.0,0.0,0.0,0.0,0.0,0.0,0.0,0.0,0.0,0.0,0.0,0.0,0.0,0.0,0.0,0.0,0.0,0.0,0.0,0.0,0.0,0.0,0.0,0.0,0.0,0.0,0.0,0.0,0.0
,2026,3,0,0.0,0.0,0,0,0,0.0,0.0,B,0.0,0.0,0.0,0.0,0.0,0.0,0.0,0.0,0.0,0.0,0.0,0.0,0.0,0.0,0.0,0.0,0.0,0.0,0.0,0.0,0.0,0.0,0.0,0.0,0.0,0.0,0.0,0.0,0.0,0.0,0.0,0.0,0.0,0.0
,2026,3,0,0.0,0.0,0,0,0,1.0,-1.0,B,0.0,0.0,0.0,0.0,0.0,0.0,0.0,0.0,0.0,0.0,0.0,0.0,0.0,0.0,0.0,0.0,0.0,0.0,0.0,0.0,0.0,0.0,0.0,0.0,0.0,0.0,0.0,0.0,0.0,0.0,0.0,0.0,0.0,0.0
,2026,4,0,0.0,0.0,0,0,0,7.0,-7.0,A,0.0,0.0,0.0,0.0,0.0,0.0,0.0,0.0,0.0,0.0,0.0,0.0,0.0,0.0,0.0,0.0,0.0,0.0,0.0,0.0,0.0,0.0,0.0,0.0,0.0,0.0,0.0,0.0,0.0,0.0,0.0,0.0,0.0,0.0
,2026,4,0,0.0,0.0,0,0,0,6.0,-6.0,A,0.0,0.0,0.0,0.0,0.0,0.0,0.0,0.0,0.0,0.0,0.0,0.0,0.0,0.0,0.0,0.0,0.0,0.0,0.0,0.0,0.0,0.0,0.0,0.0,0.0,0.0,0.0,0.0,0.0,0.0,0.0,0.0,0.0,0.0
,2026,4,0,0.0,0.0,0,0,0,1.0,-1.0,A,0.0,0.0,0.0,0.0,0.0,0.0,0.0,0.0,0.0,0.0,0.0,0.0,0.0,0.0,0.0,0.0,0.0,0.0,0.0,0.0,0.0,0.0,0.0,0.0,0.0,0.0,0.0,0.0,0.0,0.0,0.0,0.0,0.0,0.0
,2026,4,0,0.0,0.0,0,0,0,1.0,-1.0,A,0.0,0.0,0.0,0.0,0.0,0.0,0.0,0.0,0.0,0.0,0.0,0.0,0.0,0.0,0.0,0.0,0.0,0.0,0.0,0.0,0.0,0.0,0.0,0.0,0.0,0.0,0.0,0.0,0.0,0.0,0.0,0.0,0.0,0.0
,2026,4,0,0.0,0.0,0,0,0,5.0,-5.0,B,0.0,0.0,0.0,0.0,0.0,0.0,0.0,0.0,0.0,0.0,0.0,0.0,0.0,0.0,0.0,0.0,0.0,0.0,0.0,0.0,0.0,0.0,0.0,0.0,0.0,0.0,0.0,0.0,0.0,0.0,0.0,0.0,0.0,0.0
,2026,4,0,0.0,0.0,0,0,0,5.0,-5.0,B,0.0,0.0,0.0,0.0,0.0,0.0,0.0,0.0,0.0,0.0,0.0,0.0,0.0,0.0,0.0,0.0,0.0,0.0,0.0,0.0,0.0,0.0,0.0,0.0,0.0,0.0,0.0,0.0,0.0,0.0,0.0,0.0,0.0,0.0
,2026,4,0,0.0,0.0,0,0,0,5.0,-5.0,B,0.0,0.0,0.0,0.0,0.0,0.0,0.0,0.0,0.0,0.0,0.0,0.0,0.0,0.0,0.0,0.0,0.0,0.0,0.0,0.0,0.0,0.0,0.0,0.0,0.0,0.0,0.0,0.0,0.0,0.0,0.0,0.0,0.0,0.0
,2026,4,0,0.0,0.0,0,0,0,1.0,-1.0,B,0.0,0.0,0.0,0.0,0.0,0.0,0.0,0.0,0.0,0.0,0.0,0.0,0.0,0.0,0.0,0.0,0.0,0.0,0.0,0.0,0.0,0.0,0.0,0.0,0.0,0.0,0.0,0.0,0.0,0.0,0.0,0.0,0.0,0.0
,2026,5,0,0.0,0.0,0,0,0,7.0,-7.0,A,0.0,0.0,0.0,0.0,0.0,0.0,0.0,0.0,0.0,0.0,0.0,0.0,0.0,0.0,0.0,0.0,0.0,0.0,0.0,0.0,0.0,0.0,0.0,0.0,0.0,0.0,0.0,0.0,0.0,0.0,0.0,0.0,0.0,0.0
,2026,5,0,0.0,0.0,0,0,0,6.0,-6.0,A,0.0,0.0,0.0,0.0,0.0,0.0,0.0,0.0,0.0,0.0,0.0,0.0,0.0,0.0,0.0,0.0,0.0,0.0,0.0,0.0,0.0,0.0,0.0,0.0,0.0,0.0,0.0,0.0,0.0,0.0,0.0,0.0,0.0,0.0
,2026,5,0,0.0,0.0,0,0,0,3.0,-3.0,A,0.0,0.0,0.0,0.0,0.0,0.0,0.0,0.0,0.0,0.0,0.0,0.0,0.0,0.0,0.0,0.0,0.0,0.0,0.0,0.0,0.0,0.0,0.0,0.0,0.0,0.0,0.0,0.0,0.0,0.0,0.0,0.0,0.0,0.0
,2026,5,0,0.0,0.0,0,0,0,1.0,-1.0,A,0.0,0.0,0.0,0.0,0.0,0.0,0.0,0.0,0.0,0.0,0.0,0.0,0.0,0.0,0.0,0.0,0.0,0.0,0.0,0.0,0.0,0.0,0.0,0.0,0.0,0.0,0.0,0.0,0.0,0.0,0.0,0.0,0.0,0.0
,2026,5,0,0.0,0.0,0,0,0,5.0,-5.0,B,0.0,0.0,0.0,0.0,0.0,0.0,0.0,0.0,0.0,0.0,0.0,0.0,0.0,0.0,0.0,0.0,0.0,0.0,0.0,0.0,0.0,0.0,0.0,0.0,0.0,0.0,0.0,0.0,0.0,0.0,0.0,0.0,0.0,0.0
,2026,5,0,0.0,0.0,0,0,0,5.0,-5.0,B,0.0,0.0,0.0,0.0,0.0,0.0,0.0,0.0,0.0,0.0,0.0,0.0,0.0,0.0,0.0,0.0,0.0,0.0,0.0,0.0,0.0,0.0,0.0,0.0,0.0,0.0,0.0,0.0,0.0,0.0,0.0,0.0,0.0,0.0
,2026,5,0,0.0,0.0,0,0,0,8.0,-8.0,B,0.0,0.0,0.0,0.0,0.0,0.0,0.0,0.0,0.0,0.0,0.0,0.0,0.0,0.0,0.0,0.0,0.0,0.0,0.0,0.0,0.0,0.0,0.0,0.0,0.0,0.0,0.0,0.0,0.0,0.0,0.0,0.0,0.0,0.0
,2026,5,0,0.0,0.0,0,0,0,1.0,-1.0,B,0.0,0.0,0.0,0.0,0.0,0.0,0.0,0.0,0.0,0.0,0.0,0.0,0.0,0.0,0.0,0.0,0.0,0.0,0.0,0.0,0.0,0.0,0.0,0.0,0.0,0.0,0.0,0.0,0.0,0.0,0.0,0.0,0.0,0.0
,2026,6,0,0.0,0.0,0,0,0,8.0,-8.0,A,0.0,0.0,0.0,0.0,0.0,0.0,0.0,0.0,0.0,0.0,0.0,0.0,0.0,0.0,0.0,0.0,0.0,0.0,0.0,0.0,0.0,0.0,0.0,0.0,0.0,0.0,0.0,0.0,0.0,0.0,0.0,0.0,0.0,0.0
,2026,6,0,0.0,0.0,0,0,0,6.0,-6.0,A,0.0,0.0,0.0,0.0,0.0,0.0,0.0,0.0,0.0,0.0,0.0,0.0,0.0,0.0,0.0,0.0,0.0,0.0,0.0,0.0,0.0,0.0,0.0,0.0,0.0,0.0,0.0,0.0,0.0,0.0,0.0,0.0,0.0,0.0
,2026,6,0,0.0,0.0,0,0,0,3.0,-3.0,A,0.0,0.0,0.0,0.0,0.0,0.0,0.0,0.0,0.0,0.0,0.0,0.0,0.0,0.0,0.0,0.0,0.0,0.0,0.0,0.0,0.0,0.0,0.0,0.0,0.0,0.0,0.0,0.0,0.0,0.0,0.0,0.0,0.0,0.0
,2026,6,0,0.0,0.0,0,0,0,1.0,-1.0,A,0.0,0.0,0.0,0.0,0.0,0.0,0.0,0.0,0.0,0.0,0.0,0.0,0.0,0.0,0.0,0.0,0.0,0.0,0.0,0.0,0.0,0.0,0.0,0.0,0.0,0.0,0.0,0.0,0.0,0.0,0.0,0.0,0.0,0.0
,2026,6,0,0.0,0.0,0,0,0,6.0,-6.0,B,0.0,0.0,0.0,0.0,0.0,0.0,0.0,0.0,0.0,0.0,0.0,0.0,0.0,0.0,0.0,0.0,0.0,0.0,0.0,0.0,0.0,0.0,0.0,0.0,0.0,0.0,0.0,0.0,0.0,0.0,0.0,0.0,0.0,0.0
,2026,6,0,0.0,0.0,0,0,0,2.0,-2.0,B,0.0,0.0,0.0,0.0,0.0,0.0,0.0,0.0,0.0,0.0,0.0,0.0,0.0,0.0,0.0,0.0,0.0,0.0,0.0,0.0,0.0,0.0,0.0,0.0,0.0,0.0,0.0,0.0,0.0,0.0,0.0,0.0,0.0,0.0
,2026,6,0,0.0,0.0,0,0,0,8.0,-8.0,B,0.0,0.0,0.0,0.0,0.0,0.0,0.0,0.0,0.0,0.0,0.0,0.0,0.0,0.0,0.0,0.0,0.0,0.0,0.0,0.0,0.0,0.0,0.0,0.0,0.0,0.0,0.0,0.0,0.0,0.0,0.0,0.0,0.0,0.0
,2026,6,0,0.0,0.0,0,0,0,1.0,-1.0,B,0.0,0.0,0.0,0.0,0.0,0.0,0.0,0.0,0.0,0.0,0.0,0.0,0.0,0.0,0.0,0.0,0.0,0.0,0.0,0.0,0.0,0.0,0.0,0.0,0.0,0.0,0.0,0.0,0.0,0.0,0.0,0.0,0.0,0.0
,2026,7,0,0.0,0.0,0,0,0,7.0,-7.0,A,0.0,0.0,0.0,0.0,0.0,0.0,0.0,0.0,0.0,0.0,0.0,0.0,0.0,0.0,0.0,0.0,0.0,0.0,0.0,0.0,0.0,0.0,0.0,0.0,0.0,0.0,0.0,0.0,0.0,0.0,0.0,0.0,0.0,0.0
,2026,7,0,0.0,0.0,0,0,0,5.0,-5.0,A,0.0,0.0,0.0,0.0,0.0,0.0,0.0,0.0,0.0,0.0,0.0,0.0,0.0,0.0,0.0,0.0,0.0,0.0,0.0,0.0,0.0,0.0,0.0,0.0,0.0,0.0,0.0,0.0,0.0,0.0,0.0,0.0,0.0,0.0
,2026,7,0,0.0,0.0,0,0,0,2.0,-2.0,A,0.0,0.0,0.0,0.0,0.0,0.0,0.0,0.0,0.0,0.0,0.0,0.0,0.0,0.0,0.0,0.0,0.0,0.0,0.0,0.0,0.0,0.0,0.0,0.0,0.0,0.0,0.0,0.0,0.0,0.0,0.0,0.0,0.0,0.0
,2026,7,0,0.0,0.0,0,0,0,1.0,-1.0,A,0.0,0.0,0.0,0.0,0.0,0.0,0.0,0.0,0.0,0.0,0.0,0.0,0.0,0.0,0.0,0.0,0.0,0.0,0.0,0.0,0.0,0.0,0.0,0.0,0.0,0.0,0.0,0.0,0.0,0.0,0.0,0.0,0.0,0.0
,2026,7,0,0.0,0.0,0,0,0,6.0,-6.0,B,0.0,0.0,0.0,0.0,0.0,0.0,0.0,0.0,0.0,0.0,0.0,0.0,0.0,0.0,0.0,0.0,0.0,0.0,0.0,0.0,0.0,0.0,0.0,0.0,0.0,0.0,0.0,0.0,0.0,0.0,0.0,0.0,0.0,0.0
,2026,7,0,0.0,0.0,0,0,0,2.0,-2.0,B,0.0,0.0,0.0,0.0,0.0,0.0,0.0,0.0,0.0,0.0,0.0,0.0,0.0,0.0,0.0,0.0,0.0,0.0,0.0,0.0,0.0,0.0,0.0,0.0,0.0,0.0,0.0,0.0,0.0,0.0,0.0,0.0,0.0,0.0
,2026,7,0,0.0,0.0,0,0,0,8.0,-8.0,B,0.0,0.0,0.0,0.0,0.0,0.0,0.0,0.0,0.0,0.0,0.0,0.0,0.0,0.0,0.0,0.0,0.0,0.0,0.0,0.0,0.0,0.0,0.0,0.0,0.0,0.0,0.0,0.0,0.0,0.0,0.0,0.0,0.0,0.0
,2026,7,0,0.0,0.0,0,0,0,1.0,-1.0,B,0.0,0.0,0.0,0.0,0.0,0.0,0.0,0.0,0.0,0.0,0.0,0.0,0.0,0.0,0.0,0.0,0.0,0.0,0.0,0.0,0.0,0.0,0.0,0.0,0.0,0.0,0.0,0.0,0.0,0.0,0.0,0.0,0.0,0.0
,2026,8,0,0.0,0.0,0,0,0,7.0,-7.0,A,0.0,0.0,0.0,0.0,0.0,0.0,0.0,0.0,0.0,0.0,0.0,0.0,0.0,0.0,0.0,0.0,0.0,0.0,0.0,0.0,0.0,0.0,0.0,0.0,0.0,0.0,0.0,0.0,0.0,0.0,0.0,0.0,0.0,0.0
,2026,8,0,0.0,0.0,0,0,0,5.0,-5.0,A,0.0,0.0,0.0,0.0,0.0,0.0,0.0,0.0,0.0,0.0,0.0,0.0,0.0,0.0,0.0,0.0,0.0,0.0,0.0,0.0,0.0,0.0,0.0,0.0,0.0,0.0,0.0,0.0,0.0,0.0,0.0,0.0,0.0,0.0
,2026,8,0,0.0,0.0,0,0,0,3.0,-3.0,A,0.0,0.0,0.0,0.0,0.0,0.0,0.0,0.0,0.0,0.0,0.0,0.0,0.0,0.0,0.0,0.0,0.0,0.0,0.0,0.0,0.0,0.0,0.0,0.0,0.0,0.0,0.0,0.0,0.0,0.0,0.0,0.0,0.0,0.0
,2026,8,0,0.0,0.0,0,0,0,2.0,-2.0,A,0.0,0.0,0.0,0.0,0.0,0.0,0.0,0.0,0.0,0.0,0.0,0.0,0.0,0.0,0.0,0.0,0.0,0.0,0.0,0.0,0.0,0.0,0.0,0.0,0.0,0.0,0.0,0.0,0.0,0.0,0.0,0.0,0.0,0.0
,2026,8,0,0.0,0.0,0,0,0,6.0,-6.0,B,0.0,0.0,0.0,0.0,0.0,0.0,0.0,0.0,0.0,0.0,0.0,0.0,0.0,0.0,0.0,0.0,0.0,0.0,0.0,0.0,0.0,0.0,0.0,0.0,0.0,0.0,0.0,0.0,0.0,0.0,0.0,0.0,0.0,0.0
,2026,8,0,0.0,0.0,0,0,0,2.0,-2.0,B,0.0,0.0,0.0,0.0,0.0,0.0,0.0,0.0,0.0,0.0,0.0,0.0,0.0,0.0,0.0,0.0,0.0,0.0,0.0,0.0,0.0,0.0,0.0,0.0,0.0,0.0,0.0,0.0,0.0,0.0,0.0,0.0,0.0,0.0
,2026,8,0,0.0,0.0,0,0,0,6.0,-6.0,B,0.0,0.0,0.0,0.0,0.0,0.0,0.0,0.0,0.0,0.0,0.0,0.0,0.0,0.0,0.0,0.0,0.0,0.0,0.0,0.0,0.0,0.0,0.0,0.0,0.0,0.0,0.0,0.0,0.0,0.0,0.0,0.0,0.0,0.0
,2026,8,0,0.0,0.0,0,0,0,1.0,-1.0,B,0.0,0.0,0.0,0.0,0.0,0.0,0.0,0.0,0.0,0.0,0.0,0.0,0.0,0.0,0.0,0.0,0.0,0.0,0.0,0.0,0.0,0.0,0.0,0.0,0.0,0.0,0.0,0.0,0.0,0.0,0.0,0.0,0.0,0.0
,2026,9,0,0.0,0.0,0,0,0,8.0,-8.0,A,0.0,0.0,0.0,0.0,0.0,0.0,0.0,0.0,0.0,0.0,0.0,0.0,0.0,0.0,0.0,0.0,0.0,0.0,0.0,0.0,0.0,0.0,0.0,0.0,0.0,0.0,0.0,0.0,0.0,0.0,0.0,0.0,0.0,0.0
,2026,9,0,0.0,0.0,0,0,0,4.0,-4.0,A,0.0,0.0,0.0,0.0,0.0,0.0,0.0,0.0,0.0,0.0,0.0,0.0,0.0,0.0,0.0,0.0,0.0,0.0,0.0,0.0,0.0,0.0,0.0,0.0,0.0,0.0,0.0,0.0,0.0,0.0,0.0,0.0,0.0,0.0
,2026,9,0,0.0,0.0,0,0,0,2.0,-2.0,A,0.0,0.0,0.0,0.0,0.0,0.0,0.0,0.0,0.0,0.0,0.0,0.0,0.0,0.0,0.0,0.0,0.0,0.0,0.0,0.0,0.0,0.0,0.0,0.0,0.0,0.0,0.0,0.0,0.0,0.0,0.0,0.0,0.0,0.0
,2026,9,0,0.0,0.0,0,0,0,1.0,-1.0,A,0.0,0.0,0.0,0.0,0.0,0.0,0.0,0.0,0.0,0.0,0.0,0.0,0.0,0.0,0.0,0.0,0.0,0.0,0.0,0.0,0.0,0.0,0.0,0.0,0.0,0.0,0.0,0.0,0.0,0.0,0.0,0.0,0.0,0.0
,2026,9,0,0.0,0.0,0,0,0,3.0,-3.0,B,0.0,0.0,0.0,0.0,0.0,0.0,0.0,0.0,0.0,0.0,0.0,0.0,0.0,0.0,0.0,0.0,0.0,0.0,0.0,0.0,0.0,0.0,0.0,0.0,0.0,0.0,0.0,0.0,0.0,0.0,0.0,0.0,0.0,0.0
,2026,9,0,0.0,0.0,0,0,0,2.0,-2.0,B,0.0,0.0,0.0,0.0,0.0,0.0,0.0,0.0,0.0,0.0,0.0,0.0,0.0,0.0,0.0,0.0,0.0,0.0,0.0,0.0,0.0,0.0,0.0,0.0,0.0,0.0,0.0,0.0,0.0,0.0,0.0,0.0,0.0,0.0
,2026,9,0,0.0,0.0,0,0,0,2.0,-2.0,B,0.0,0.0,0.0,0.0,0.0,0.0,0.0,0.0,0.0,0.0,0.0,0.0,0.0,0.0,0.0,0.0,0.0,0.0,0.0,0.0,0.0,0.0,0.0,0.0,0.0,0.0,0.0,0.0,0.0,0.0,0.0,0.0,0.0,0.0
,2026,9,0,0.0,0.0,0,0,0,1.0,-1.0,B,0.0,0.0,0.0,0.0,0.0,0.0,0.0,0.0,0.0,0.0,0.0,0.0,0.0,0.0,0.0,0.0,0.0,0.0,0.0,0.0,0.0,0.0,0.0,0.0,0.0,0.0,0.0,0.0,0.0,0.0,0.0,0.0,0.0,0.0
,2026,10,0,0.0,0.0,0,0,0,7.0,-7.0,A,0.0,0.0,0.0,0.0,0.0,0.0,0.0,0.0,0.0,0.0,0.0,0.0,0.0,0.0,0.0,0.0,0.0,0.0,0.0,0.0,0.0,0.0,0.0,0.0,0.0,0.0,0.0,0.0,0.0,0.0,0.0,0.0,0.0,0.0
,2026,10,0,0.0,0.0,0,0,0,5.0,-5.0,A,0.0,0.0,0.0,0.0,0.0,0.0,0.0,0.0,0.0,0.0,0.0,0.0,0.0,0.0,0.0,0.0,0.0,0.0,0.0,0.0,0.0,0.0,0.0,0.0,0.0,0.0,0.0,0.0,0.0,0.0,0.0,0.0,0.0,0.0
,2026,10,0,0.0,0.0,0,0,0,2.0,-2.0,A,0.0,0.0,0.0,0.0,0.0,0.0,0.0,0.0,0.0,0.0,0.0,0.0,0.0,0.0,0.0,0.0,0.0,0.0,0.0,0.0,0.0,0.0,0.0,0.0,0.0,0.0,0.0,0.0,0.0,0.0,0.0,0.0,0.0,0.0
,2026,10,0,0.0,0.0,0,0,0,1.0,-1.0,A,0.0,0.0,0.0,0.0,0.0,0.0,0.0,0.0,0.0,0.0,0.0,0.0,0.0,0.0,0.0,0.0,0.0,0.0,0.0,0.0,0.0,0.0,0.0,0.0,0.0,0.0,0.0,0.0,0.0,0.0,0.0,0.0,0.0,0.0
,2026,10,0,0.0,0.0,0,0,0,3.0,-3.0,B,0.0,0.0,0.0,0.0,0.0,0.0,0.0,0.0,0.0,0.0,0.0,0.0,0.0,0.0,0.0,0.0,0.0,0.0,0.0,0.0,0.0,0.0,0.0,0.0,0.0,0.0,0.0,0.0,0.0,0.0,0.0,0.0,0.0,0.0
,2026,10,0,0.0,0.0,0,0,0,1.0,-1.0,B,0.0,0.0,0.0,0.0,0.0,0.0,0.0,0.0,0.0,0.0,0.0,0.0,0.0,0.0,0.0,0.0,0.0,0.0,0.0,0.0,0.0,0.0,0.0,0.0,0.0,0.0,0.0,0.0,0.0,0.0,0.0,0.0,0.0,0.0
,2026,10,0,0.0,0.0,0,0,0,2.0,-2.0,B,0.0,0.0,0.0,0.0,0.0,0.0,0.0,0.0,0.0,0.0,0.0,0.0,0.0,0.0,0.0,0.0,0.0,0.0,0.0,0.0,0.0,0.0,0.0,0.0,0.0,0.0,0.0,0.0,0.0,0.0,0.0,0.0,0.0,0.0
,2026,10,0,0.0,0.0,0,0,0,1.0,-1.0,B,0.0,0.0,0.0,0.0,0.0,0.0,0.0,0.0,0.0,0.0,0.0,0.0,0.0,0.0,0.0,0.0,0.0,0.0,0.0,0.0,0.0,0.0,0.0,0.0,0.0,0.0,0.0,0.0,0.0,0.0,0.0,0.0,0.0,0.0
,2026,11,0,0.0,0.0,0,0,0,7.0,-7.0,A,0.0,0.0,0.0,0.0,0.0,0.0,0.0,0.0,0.0,0.0,0.0,0.0,0.0,0.0,0.0,0.0,0.0,0.0,0.0,0.0,0.0,0.0,0.0,0.0,0.0,0.0,0.0,0.0,0.0,0.0,0.0,0.0,0.0,0.0
,2026,11,0,0.0,0.0,0,0,0,4.0,-4.0,A,0.0,0.0,0.0,0.0,0.0,0.0,0.0,0.0,0.0,0.0,0.0,0.0,0.0,0.0,0.0,0.0,0.0,0.0,0.0,0.0,0.0,0.0,0.0,0.0,0.0,0.0,0.0,0.0,0.0,0.0,0.0,0.0,0.0,0.0
,2026,11,0,0.0,0.0,0,0,0,2.0,-2.0,A,0.0,0.0,0.0,0.0,0.0,0.0,0.0,0.0,0.0,0.0,0.0,0.0,0.0,0.0,0.0,0.0,0.0,0.0,0.0,0.0,0.0,0.0,0.0,0.0,0.0,0.0,0.0,0.0,0.0,0.0,0.0,0.0,0.0,0.0
,2026,11,0,0.0,0.0,0,0,0,1.0,-1.0,A,0.0,0.0,0.0,0.0,0.0,0.0,0.0,0.0,0.0,0.0,0.0,0.0,0.0,0.0,0.0,0.0,0.0,0.0,0.0,0.0,0.0,0.0,0.0,0.0,0.0,0.0,0.0,0.0,0.0,0.0,0.0,0.0,0.0,0.0
,2026,11,0,0.0,0.0,0,0,0,3.0,-3.0,B,0.0,0.0,0.0,0.0,0.0,0.0,0.0,0.0,0.0,0.0,0.0,0.0,0.0,0.0,0.0,0.0,0.0,0.0,0.0,0.0,0.0,0.0,0.0,0.0,0.0,0.0,0.0,0.0,0.0,0.0,0.0,0.0,0.0,0.0
,2026,11,0,0.0,0.0,0,0,0,1.0,-1.0,B,0.0,0.0,0.0,0.0,0.0,0.0,0.0,0.0,0.0,0.0,0.0,0.0,0.0,0.0,0.0,0.0,0.0,0.0,0.0,0.0,0.0,0.0,0.0,0.0,0.0,0.0,0.0,0.0,0.0,0.0,0.0,0.0,0.0,0.0
,2026,11,0,0.0,0.0,0,0,0,2.0,-2.0,B,0.0,0.0,0.0,0.0,0.0,0.0,0.0,0.0,0.0,0.0,0.0,0.0,0.0,0.0,0.0,0.0,0.0,0.0,0.0,0.0,0.0,0.0,0.0,0.0,0.0,0.0,0.0,0.0,0.0,0.0,0.0,0.0,0.0,0.0
,2026,11,0,0.0,0.0,0,0,0,0.0,0.0,B,0.0,0.0,0.0,0.0,0.0,0.0,0.0,0.0,0.0,0.0,0.0,0.0,0.0,0.0,0.0,0.0,0.0,0.0,0.0,0.0,0.0,0.0,0.0,0.0,0.0,0.0,0.0,0.0,0.0,0.0,0.0,0.0,0.0,0.0
,2026,12,0,0.0,0.0,0,0,0,6.0,-6.0,A,0.0,0.0,0.0,0.0,0.0,0.0,0.0,0.0,0.0,0.0,0.0,0.0,0.0,0.0,0.0,0.0,0.0,0.0,0.0,0.0,0.0,0.0,0.0,0.0,0.0,0.0,0.0,0.0,0.0,0.0,0.0,0.0,0.0,0.0
,2026,12,0,0.0,0.0,0,0,0,5.0,-5.0,A,0.0,0.0,0.0,0.0,0.0,0.0,0.0,0.0,0.0,0.0,0.0,0.0,0.0,0.0,0.0,0.0,0.0,0.0,0.0,0.0,0.0,0.0,0.0,0.0,0.0,0.0,0.0,0.0,0.0,0.0,0.0,0.0,0.0,0.0
,2026,12,0,0.0,0.0,0,0,0,3.0,-3.0,A,0.0,0.0,0.0,0.0,0.0,0.0,0.0,0.0,0.0,0.0,0.0,0.0,0.0,0.0,0.0,0.0,0.0,0.0,0.0,0.0,0.0,0.0,0.0,0.0,0.0,0.0,0.0,0.0,0.0,0.0,0.0,0.0,0.0,0.0
,2026,12,0,0.0,0.0,0,0,0,0.0,0.0,A,0.0,0.0,0.0,0.0,0.0,0.0,0.0,0.0,0.0,0.0,0.0,0.0,0.0,0.0,0.0,0.0,0.0,0.0,0.0,0.0,0.0,0.0,0.0,0.0,0.0,0.0,0.0,0.0,0.0,0.0,0.0,0.0,0.0,0.0
,2026,12,0,0.0,0.0,0,0,0,3.0,-3.0,B,0.0,0.0,0.0,0.0,0.0,0.0,0.0,0.0,0.0,0.0,0.0,0.0,0.0,0.0,0.0,0.0,0.0,0.0,0.0,0.0,0.0,0.0,0.0,0.0,0.0,0.0,0.0,0.0,0.0,0.0,0.0,0.0,0.0,0.0
,2026,12,0,0.0,0.0,0,0,0,0.0,0.0,B,0.0,0.0,0.0,0.0,0.0,0.0,0.0,0.0,0.0,0.0,0.0,0.0,0.0,0.0,0.0,0.0,0.0,0.0,0.0,0.0,0.0,0.0,0.0,0.0,0.0,0.0,0.0,0.0,0.0,0.0,0.0,0.0,0.0,0.0
,2026,12,0,0.0,0.0,0,0,0,2.0,-2.0,B,0.0,0.0,0.0,0.0,0.0,0.0,0.0,0.0,0.0,0.0,0.0,0.0,0.0,0.0,0.0,0.0,0.0,0.0,0.0,0.0,0.0,0.0,0.0,0.0,0.0,0.0,0.0,0.0,0.0,0.0,0.0,0.0,0.0,0.0
,2026,12,0,0.0,0.0,0,0,0,0.0,0.0,B,0.0,0.0,0.0,0.0,0.0,0.0,0.0,0.0,0.0,0.0,0.0,0.0,0.0,0.0,0.0,0.0,0.0,0.0,0.0,0.0,0.0,0.0,0.0,0.0,0.0,0.0,0.0,0.0,0.0,0.0,0.0,0.0,0.0,0.0
